13867	"PTB_WSJ"	"Wright"	"aide"	15	18	12405		
13324	"PTB_WSJ"	"his"	"aides"	18	20	97		
13325	"PTB_WSJ"	"his"	"aides"	6	7	7629		
13326	"PTB_WSJ"	"his"	"aides"	12	13	34624		
13327	"PTB_WSJ"	"his"	"aides"	4	5	34626		
13328	"PTB_WSJ"	"his"	"aides"	9	10	34629		
13329	"PTB_WSJ"	"his"	"aides"	9	10	37934		
							
22049	"HDFRE"	"his"	"lieutenant"	16	17	2049	"With the venerable proconsul , his son , who had accompanied him into Africa as <b>his</b> <b>lieutenant</b> , was likewise declared emperor . "	
22740	"HDFRE"	"his"	"lieutenant"	40	42	2740	"Gallus , who , careless of the general welfare , indulged himself in the pleasures of Italy , was almost in the same instant informed of the success , of the revolt , and of the rapid approach of <b>his</b> aspiring <b>lieutenant</b> . "	
22070	"HDFRE"	"your"	"lieutenant"	28	29	2070	"`` Conscript fathers , '' said the consul Syllanus , `` the two Gordians , both of consular dignity , the one your proconsul , the other <b>your</b> <b>lieutenant</b> , have been declared emperors by the general consent of Africa . "	
22811	"HDFRE"	"emperor"	"lieutenants"	31	33	2811	"We may , however , with great probability , ascribe this incredible victory either to the credulity of the historian , or to some exaggerated exploits of one of the <b>emperor</b> 's <b>lieutenants</b> . "	
20930	"HDFRE"	"his"	"lieutenants"	35	36	930	"They exaggerated the hardships and dangers of a campaign in the wild countries beyond the Danube ; and they assured the indolent prince that the terror of his name , and the arms of <b>his</b> <b>lieutenants</b> , would be sufficient to complete the conquest of the dismayed barbarians , or to impose such conditions as were more advantageous than any conquest . "	
21433	"HDFRE"	"his"	"lieutenants"	5	6	1433	"Though the vigilance of <b>his</b> <b>lieutenants</b> might have been sufficient to repel the distant enemy , he resolved to embrace the honorable pretext of withdrawing his sons from the luxury of Rome , which enervated their minds and irritated their passions ; and of inuring their youth to the toils of war and government . "	
22880	"HDFRE"	"his"	"lieutenants"	9	10	2880	"Valerian flattered himself , that the vigilance of <b>his</b> <b>lieutenants</b> would sufficiently provide for the safety of the Rhine and of the Danube ; but he resolved , notwithstanding his advanced age , to march in person to the defence of the Euphrates . "	
23167	"HDFRE"	"his"	"lieutenants"	4	5	3167	"He devolved on <b>his</b> <b>lieutenants</b> the care of finishing the destruction of the Alemanni , either by the sword , or by the surer operation of famine . "	
23524	"HDFRE"	"his"	"lieutenants"	10	11	3524	"The remaining actions he intrusted to the care of <b>his</b> <b>lieutenants</b> , the judicious choice of whom forms no inconsiderable part of his glory . "	
24471	"HDFRE"	"his"	"lieutenants"	45	46	4471	"Whilst he passed his indolent life either within the walls of his palace , or in the neighboring gardens of Sallust , he was repeatedly heard to declare , that he alone was emperor , and that the other princes were no more than <b>his</b> <b>lieutenants</b> , on whom he had devolved the defence of the frontier provinces , that he might enjoy without interruption the elegant luxury of the capital . "	
20220	"HDFRE"	"their"	"lieutenants"	54	55	220	"Engaged in the pursuit of pleasure , or in the exercise of tyranny , the first C??sars seldom showed themselves to the armies , or to the provinces ; nor were they disposed to suffer , that those triumphs which their indolence neglected , should be usurped by the conduct and valor of <b>their</b> <b>lieutenants</b> . "	
							
21779	"HDFRE"	"his"	"secretaries"	45	46	1779	"Refreshed by the use of the bath and a slight dinner , he resumed , with new vigor , the business of the day ; and , till the hour of supper , the principal meal of the Romans , he was attended by <b>his</b> <b>secretaries</b> , with whom he read and answered the multitude of letters , memorials , and petitions , that must have been addressed to the master of the greatest part of the world . "	
23365	"HDFRE"	"his"	"secretaries"	6	7	3365	"He had threatened one of <b>his</b> <b>secretaries</b> who was accused of extortion ; and it was known that he seldom threatened in vain . "	
23999	"HDFRE"	"their"	"secretaries"	17	18	3999	"In pursuance of their promise , the emperors soon afterwards appointed Sicorius Probus , one of <b>their</b> <b>secretaries</b> , to acquaint the Persian court with their final resolution . "	
23381	"HDFRE"	"his"	"secretary"	4	6	3381	"The artifice of <b>his</b> perfidious <b>secretary</b> was discovered and punished . "	
23644	"HDFRE"	"his"	"secretary"	30	32	3644	"They were scarcely uttered before they were contradicted by his death ; an event attended with such ambiguous circumstances , that it may be related in a letter from <b>his</b> own <b>secretary</b> to the pr??fect of the city . "	
							
23805	"HDFRE"	"his"	"slaves"	50	51	3805	"It was very natural for the plebeians , oppressed by debt , or apprehensive of injuries , to implore the protection of some powerful chief , who acquired over their persons and property the same absolute right as , among the Greeks and Romans , a master exercised over <b>his</b> <b>slaves</b> . "	
24069	"HDFRE"	"his"	"slaves"	45	47	4069	"The epithet of Dominus , or Lord , in its primitive signification , was expressive , not of the authority of a prince over his subjects , or of a commander over his soldiers , but of the despotic power of a master over <b>his</b> domestic <b>slaves</b> . "	
20478	"HDFRE"	"their"	"slaves"	19	20	478	"* In their numerous families , and particularly in their country estates , they encouraged the marriage of <b>their</b> <b>slaves</b> . "	
20698	"HDFRE"	"their"	"slaves"	13	15	698	"Their family , however numerous or splendid , was composed entirely of <b>their</b> domestic <b>slaves</b> and freedmen . "	
21703	"HDFRE"	"their"	"slaves"	20	21	1703	"Secure of impunity , careless of censure , they lived without restraint in the patient and humble society of <b>their</b> <b>slaves</b> and parasites . "	
21999	"HDFRE"	"their"	"slaves"	34	35	1999	"He remembered , that , in his humbler fortune , he had often waited before the door of the haughty nobles of Rome , and had been denied admittance by the insolence of <b>their</b> <b>slaves</b> . "	
24796	"HDFRE"	"their"	"slaves"	23	24	4796	"The Jews , who , under the Assyrian and Persian monarchies , had languished for many ages the most despised portion of <b>their</b> <b>slaves</b> , emerged from obscurity under the successors of Alexander ; and as they multiplied to a surprising degree in the East , and afterwards in the West , they soon excited the curiosity and wonder of other nations . "	
							
20639	"HDFRE"	"his"	"soldiers"	10	11	639	"When Pompey commanded in the East , he rewarded <b>his</b> <b>soldiers</b> and allies , dethroned princes , divided kingdoms , founded colonies , and distributed the treasures of Mithridates . "	
21344	"HDFRE"	"his"	"soldiers"	75	76	1344	"It was of little moment to the provinces , under whose name they were oppressed or governed ; they were driven by the impulsion of the present power , and as soon as that power yielded to a superior force , they hastened to implore the clemency of the conqueror , who , as he had an immense debt to discharge , was obliged to sacrifice the most guilty countries to the avarice of <b>his</b> <b>soldiers</b> . "	
21377	"HDFRE"	"his"	"soldiers"	4	5	1377	"The vanity of <b>his</b> <b>soldiers</b> was flattered with the honor of wearing gold rings their ease was indulged in the permission of living with their wives in the idleness of quarters . "	
21384	"HDFRE"	"his"	"soldiers"	57	58	1384	"There is still extant a letter of Severus , lamenting the licentious stage of the army , * and exhorting one of his generals to begin the necessary reformation from the tribunes themselves ; since , as he justly observes , the officer who has forfeited the esteem , will never command the obedience , of <b>his</b> <b>soldiers</b> . "	
21803	"HDFRE"	"his"	"soldiers"	9	10	1803	"As Alexander despaired of correcting the luxury of <b>his</b> <b>soldiers</b> , he attempted , at least , to direct it to objects of martial pomp and ornament , fine horses , splendid armor , and shields enriched with silver and gold . "	
23114	"HDFRE"	"his"	"soldiers"	4	5	3114	"Aurelian expected that <b>his</b> <b>soldiers</b> should be modest , frugal , and laborous ; that their armor should be constantly kept bright , their weapons sharp , their clothing and horses ready for immediate service ; that they should live in their quarters with chastity and sobriety , without damaging the cornfields , without stealing even a sheep , a fowl , or a bunch of grapes , without exacting from their landlords , either salt , or oil , or wood . "	
23732	"HDFRE"	"his"	"soldiers"	12	13	3732	"But the advantage which Carinus had obtained by the valor of <b>his</b> <b>soldiers</b> , he quickly lost by the infidelity of his officers . "	
24068	"HDFRE"	"his"	"soldiers"	33	34	4068	"The epithet of Dominus , or Lord , in its primitive signification , was expressive , not of the authority of a prince over his subjects , or of a commander over <b>his</b> <b>soldiers</b> , but of the despotic power of a master over his domestic slaves . "	
24482	"HDFRE"	"his"	"soldiers"	76	77	4482	"Maxentius , who openly avowed his pretensions to the whole monarchy of the West , had already prepared a very considerable force to invade the Gallic provinces on the side of Rh??tia ; and though he could not expect any assistance from Licinius , he was flattered with the hope that the legions of Illyricum , allured by his presents and promises , would desert the standard of that prince , and unanimously declare themselves <b>his</b> <b>soldiers</b> and subjects . "	
23343	"HDFRE"	"my"	"soldiers"	11	12	3343	"They are at length suppressed ; but seven thousand of <b>my</b> <b>soldiers</b> have been slain in the contest , of those troops whose ordinary station is in Dacia , and the camps along the Danube . '' "	
							
20432	"HDFRE"	"her"	"subjects"	8	9	432	"Rome gradually became the common temple of <b>her</b> <b>subjects</b> ; and the freedom of the city was bestowed on all the gods of mankind . "	
23245	"HDFRE"	"her"	"subjects"	22	23	3245	"She blended with the popular manners of Roman princes the stately pomp of the courts of Asia , and exacted from <b>her</b> <b>subjects</b> the same adoration that was paid to the successor of Cyrus . "	
21017	"HDFRE"	"his"	"subjects"	24	25	1017	"The desired spectacle instantly appeased the tumult ; and the son of Marcus might even yet have regained the affection and confidence of <b>his</b> <b>subjects</b> . "	
21372	"HDFRE"	"his"	"subjects"	73	74	1372	"In the administration of justice , the judgments of the emperor were characterized by attention , discernment , and impartiality ; and whenever he deviated from the strict line of equity , it was generally in favor of the poor and oppressed ; not so much indeed from any sense of humanity , as from the natural propensity of a despot to humble the pride of greatness , and to sink all <b>his</b> <b>subjects</b> to the same common level of absolute dependence . "	
21403	"HDFRE"	"his"	"subjects"	54	55	1403	"The lawyers and historians concurred in teaching , that the Imperial authority was held , not by the delegated commission , but by the irrevocable resignation of the senate ; that the emperor was freed from the restraint of civil laws , could command by his arbitrary will the lives and fortunes of <b>his</b> <b>subjects</b> , and might dispose of the empire as of his private patrimony . "	
21546	"HDFRE"	"his"	"subjects"	17	18	1546	"The most wealthy families ruined by partial fines and confiscations , and the great body of <b>his</b> <b>subjects</b> oppressed by ingenious and aggravated taxes . "	
21549	"HDFRE"	"his"	"subjects"	16	17	1549	"`` To secure the affections of the army , and to esteem the rest of <b>his</b> <b>subjects</b> as of little moment . '' "	
21695	"HDFRE"	"his"	"subjects"	18	19	1695	"To confound the order of seasons and climates , to sport with the passions and prejudices of <b>his</b> <b>subjects</b> , and to subvert every law of nature and decency , were in the number of his most delicious amusements . "	
21705	"HDFRE"	"his"	"subjects"	12	13	1705	"The emperor , in his turn , viewing every rank of <b>his</b> <b>subjects</b> with the same contemptuous indifference , asserted without control his sovereign privilege of lust and luxury . "	
21785	"HDFRE"	"his"	"subjects"	26	27	1785	"The dress of Alexander was plain and modest , his demeanor courteous and affable : at the proper hours his palace was open to all <b>his</b> <b>subjects</b> , but the voice of a crier was heard , as in the Eleusinian mysteries , pronouncing the same salutary admonition : `` Let none enter these holy walls , unless he is conscious of a pure and innocent mind . '' "	
21941	"HDFRE"	"his"	"subjects"	49	51	1941	"Yet , even in the East , the sphere of contention is usually limited to the princes of the reigning house , and as soon as the more fortunate competitor has removed his brethren by the sword and the bowstring , he no longer entertains any jealousy of <b>his</b> meaner <b>subjects</b> . "	
22005	"HDFRE"	"his"	"subjects"	17	18	2005	"The dark and sanguinary soul of the tyrant was open to every suspicion against those among <b>his</b> <b>subjects</b> who were the most distinguished by their birth or merit . "	
22169	"HDFRE"	"his"	"subjects"	31	32	2169	"The soldiers , detesting the senate and the people , despised the weakness of a prince , who wanted either the spirit or the power to command the obedience of <b>his</b> <b>subjects</b> . "	
22204	"HDFRE"	"his"	"subjects"	19	21	2204	"By the artful conspiracy of these wretches , an impenetrable veil was drawn between an innocent prince and <b>his</b> oppressed <b>subjects</b> , the virtuous disposition of Gordian was deceived , and the honors of the empire sold without his knowledge , though in a very public manner , to the most worthless of mankind . "	
22805	"HDFRE"	"his"	"subjects"	7	8	2805	"His timid ingratitude was published to <b>his</b> <b>subjects</b> , in an edict which prohibited the senators from exercising any military employment , and even from approaching the camps of the legions . "	
23010	"HDFRE"	"his"	"subjects"	30	33	3010	"He scattered libels through the camp , inviting the troops to desert an unworthy master , who sacrificed the public happiness to his luxury , and the lives of <b>his</b> most valuable <b>subjects</b> to the slightest suspicions . "	
23050	"HDFRE"	"his"	"subjects"	41	42	3050	"The frequent rebellions of the provinces had involved almost every person in the guilt of treason , almost every estate in the case of confiscation ; and Gallienus often displayed his liberality by distributing among his officers the property of <b>his</b> <b>subjects</b> . "	
23093	"HDFRE"	"his"	"subjects"	22	23	3093	"After a short but glorious reign of two years , Claudius expired at Sirmium , amidst the tears and acclamations of <b>his</b> <b>subjects</b> . "	
23905	"HDFRE"	"his"	"subjects"	33	34	3905	"It is much more likely , that his good sense discovered to him the folly of such magnificent pretensions , and that he was desirous of preserving the reason and fortunes of <b>his</b> <b>subjects</b> from the mischievous pursuit . "	
24067	"HDFRE"	"his"	"subjects"	25	26	4067	"The epithet of Dominus , or Lord , in its primitive signification , was expressive , not of the authority of a prince over <b>his</b> <b>subjects</b> , or of a commander over his soldiers , but of the despotic power of a master over his domestic slaves . "	
24155	"HDFRE"	"his"	"subjects"	20	21	4155	"He confers the most important offices upon vice and weakness , and disgraces the most virtuous and deserving among <b>his</b> <b>subjects</b> . "	
24205	"HDFRE"	"his"	"subjects"	16	18	4205	"Clemency , temperance , and moderation , distinguished the amiable character of Constantius , and <b>his</b> fortunate <b>subjects</b> had frequently occasion to compare the virtues of their sovereign with the passions of Maximian , and even with the arts of Diocletian . "	
24215	"HDFRE"	"his"	"subjects"	21	22	4215	"The stern temper of Galerius was cast in a very different mould ; and while he commanded the esteem of <b>his</b> <b>subjects</b> , he seldom condescended to solicit their affections . "	
24292	"HDFRE"	"his"	"subjects"	32	33	4292	"About that time the avarice of Galerius , or perhaps the exigencies of the state , had induced him to make a very strict and rigorous inquisition into the property of <b>his</b> <b>subjects</b> , for the purpose of a general taxation , both on their lands and on their persons . "	
24427	"HDFRE"	"his"	"subjects"	90	92	4427	"He survived his retreat from Italy about four years ; and wisely relinquishing his views of universal empire , he devoted the remainder of his life to the enjoyment of pleasure , and to the execution of some works of public utility , among which we may distinguish the discharging into the Danube the superfluous waters of the Lake Pelso , and the cutting down the immense forests that encompassed it ; an operation worthy of a monarch , since it gave an extensive country to the agriculture of <b>his</b> Pannonian <b>subjects</b> "	
24431	"HDFRE"	"his"	"subjects"	52	53	4431	"His body , swelled by an intemperate course of life to an unwieldy corpulence , was covered with ulcers , and devoured by innumerable swarms of those insects which have given their name to a most loathsome disease ; but as Galerius had offended a very zealous and powerful party among <b>his</b> <b>subjects</b> , his sufferings , instead of exciting their compassion , have been celebrated as the visible effects of divine justice . "	
20317	"HDFRE"	"their"	"subjects"	17	18	317	"Trajan and Hadrian formed their cavalry from the same provinces , and the same class of <b>their</b> <b>subjects</b> , which recruited the ranks of the legion . "	
20346	"HDFRE"	"their"	"subjects"	24	25	346	"The policy of the emperors was directed only to preserve the peaceful dominion of that sea , and to protect the commerce of <b>their</b> <b>subjects</b> . "	
20401	"HDFRE"	"their"	"subjects"	38	39	401	"I. The policy of the emperors and the senate , as far as it concerned religion , was happily seconded by the reflections of the enlightened , and by the habits of the superstitious , part of <b>their</b> <b>subjects</b> . "	
20455	"HDFRE"	"their"	"subjects"	25	26	455	"Yet even , in the age of the Antonines , when the freedom of the city had been bestowed on the greater number of <b>their</b> <b>subjects</b> , it was still accompanied with very solid advantages . "	
20470	"HDFRE"	"their"	"subjects"	39	40	470	"In their pompous courts , those princes united the elegance of Athens with the luxury of the East , and the example of the court was imitated , at an humble distance , by the higher ranks of <b>their</b> <b>subjects</b> . "	
20510	"HDFRE"	"their"	"subjects"	7	9	510	"Their example was universally imitated by <b>their</b> principal <b>subjects</b> , who were not afraid of declaring to the world that they had spirit to conceive , and wealth to accomplish , the noblest undertakings . "	
20693	"HDFRE"	"their"	"subjects"	14	15	693	"In all the offices of life , they affected to confound themselves with <b>their</b> <b>subjects</b> , and maintained with them an equal intercourse of visits and entertainments . "	
21748	"HDFRE"	"their"	"subjects"	20	21	1748	"The good sense , or the indifference , of succeeding princes , restrained them from offending the prejudices of <b>their</b> <b>subjects</b> ; and it was reserved for the profligate Elagabalus to discharge the acts of the senate with the name of his mother So??mias , who was placed by the side of the consuls , and subscribed , as a regular member , the decrees of the legislative assembly . "	
21943	"HDFRE"	"their"	"subjects"	56	57	1943	"The ancient families of Rome had successively fallen beneath the tyranny of the C??sars ; and whilst those princes were shackled by the forms of a commonwealth , and disappointed by the repeated failure of their posterity , it was impossible that any idea of hereditary succession should have taken root in the minds of <b>their</b> <b>subjects</b> . "	
22304	"HDFRE"	"their"	"subjects"	25	26	2304	"The stately kings of Persia , exchanging their vain pomp for more genuine greatness , freely mingled with the humblest but most useful of <b>their</b> <b>subjects</b> . "	
22971	"HDFRE"	"their"	"subjects"	18	19	2971	"The election of these precarious emperors , their power and their death , were equally destructive to <b>their</b> <b>subjects</b> and adherents . "	
24200	"HDFRE"	"their"	"subjects"	57	58	4200	"The empire was afflicted by five civil wars ; and the remainder of the time was not so much a state of tranquillity as a suspension of arms between several hostile monarchs , who , viewing each other with an eye of fear and hatred , strove to increase their respective forces at the expense of <b>their</b> <b>subjects</b> . "	
24440	"HDFRE"	"their"	"subjects"	24	26	4440	"The sense of their true interest soon connected Licinius and Constantine ; a secret alliance was concluded between Maximin and Maxentius , and <b>their</b> unhappy <b>subjects</b> expected with terror the bloody consequences of their inevitable dissensions , which were no longer restrained by the fear or the respect which they had entertained for Galerius . "	
24801	"HDFRE"	"their"	"subjects"	15	16	4801	"But the moderation of the conquerors was insufficient to appease the jealous prejudices of <b>their</b> <b>subjects</b> , who were alarmed and scandalized at the ensigns of paganism , which necessarily introduced themselves into a Roman province . "	
25119	"HDFRE"	"their"	"subjects"	57	58	5119	"Their mutual hostilities sometimes disturbed the peace of the infant church , but their zeal and activity were united in the common cause , and the love of power , which ( under the most artful disguises ) could insinuate itself into the breasts of bishops and martyrs , animated them to increase the number of <b>their</b> <b>subjects</b> , and to enlarge the limits of the Christian empire . "	
							
23846	"HDFRE"	"their"	"servant"	26	28	3846	"Diocletian and his colleague , who justly dreaded the enterprising spirit of Carausius , resigned to him the sovereignty of Britain , and reluctantly admitted <b>their</b> perfidious <b>servant</b> to a participation of the Imperial honors . "	
24900	"HDFRE"	"his"	"servants"	28	29	4900	"In the style of the fathers , Apollo and the Muses were the organs of the infernal spirit ; Homer and Virgil were the most eminent of <b>his</b> <b>servants</b> ; and the beautiful mythology which pervades and animates the compositions of their genius , is destined to celebrate the glory of the d??mons . "	
							
21598	"HDFRE"	"his"	"ministers"	4	5	1598	"The choice of <b>his</b> <b>ministers</b> was in many instances justly censured , and the dissatisfied people , with their usual candor , accused at once his indolent tameness and his excessive severity . "	
21674	"HDFRE"	"his"	"ministers"	12	13	1674	"The pious emperor held the reins , and , supported by <b>his</b> <b>ministers</b> , moved slowly backwards , that he might perpetually enjoy the felicity of the divine presence . "	
21822	"HDFRE"	"his"	"ministers"	20	23	1822	"Under the reign of a just and virtuous prince , the tyranny of the army threatened with instant death <b>his</b> most faithful <b>ministers</b> , who were suspected of an intention to correct their intolerable disorders . "	
22977	"HDFRE"	"his"	"ministers"	14	15	2977	"There is still extant a most savage mandate from Gallienus to one of <b>his</b> <b>ministers</b> , after the suppression of Ingenuus , who had assumed the purple in Illyricum . "	
23670	"HDFRE"	"his"	"ministers"	14	15	3670	"From the dregs of that populace he selected his favorites , and even <b>his</b> <b>ministers</b> . "	
24060	"HDFRE"	"his"	"ministers"	18	19	4060	"In the exercise of the legislative as well as the executive power , the sovereign advised with <b>his</b> <b>ministers</b> , instead of consulting the great council of the nation . "	
							
21730	"HDFRE"	"his"	"minions"	8	9	1730	"His unseasonable severity proved instantly fatal to <b>his</b> <b>minions</b> , his mother , and himself . "	
21534	"HDFRE"	"father"	"minister"	19	21	1534	"The honest labors of Papinian served only to inflame the hatred which Caracalla had already conceived against his <b>father</b> 's <b>minister</b> . "	
23716	"HDFRE"	"his"	"minister"	34	36	3716	"But a report soon circulated through the camp , at first in secret whispers , and at length in loud clamors , of the emperor 's death , and of the presumption of <b>his</b> ambitious <b>minister</b> , who still exercised the sovereign power in the name of a prince who was no more . "	
23850	"HDFRE"	"his"	"minister"	5	7	3850	"He was murdered by <b>his</b> first <b>minister</b> , Allectus , and the assassin succeeded to his power and to his danger . "	
							
21520	"HDFRE"	"His"	"guards"	1	2	1520	"<b>His</b> <b>guards</b> and freedmen , the ministers of his serious business , and the companions of his looser hours , those who by his interest had been promoted to any commands in the army or provinces , with the long connected chain of their dependants , were included in the proscription ; which endeavored to reach every one who had maintained the smallest correspondence with Geta , who lamented his death , or who even mentioned his name . "	
21545	"HDFRE"	"his"	"guards"	30	31	1545	"The senators , compelled by fear to attend his capricious motions , were obliged to provide daily entertainments at an immense expense , which he abandoned with contempt to <b>his</b> <b>guards</b> ; and to erect , in every city , magnificent palaces and theatres , which he either disdained to visit , or ordered immediately thrown down . "	
21563	"HDFRE"	"his"	"guards"	22	23	1563	"* He was attended by a body of cavalry : but having stopped on the road for some necessary occasion , <b>his</b> <b>guards</b> preserved a respectful distance , and Martialis , approaching his person under a presence of duty , stabbed him with a dagger . "	
21980	"HDFRE"	"his"	"guards"	54	56	1980	"The writers , who suppose that he died in ignorance of the ingratitude and ambition of Maximin , affirm , that , after taking a frugal repast in the sight of the army , he retired to sleep , and that , about the seventh hour of the day , a part of <b>his</b> own <b>guards</b> broke into the imperial tent , and , with many wounds , assassinated their virtuous and unsuspecting prince . "	
22149	"HDFRE"	"his"	"guards"	5	6	2149	"Maximin , abandoned by <b>his</b> <b>guards</b> , was slain in his tent , with his son , ( whom he had associated to the honors of the purple , ) Anulinus the pr??fect , and the principal ministers of his tyranny . "	
23018	"HDFRE"	"his"	"guards"	78	79	3018	"At a late hour of the night , but while the emperor still protracted the pleasures of the table , an alarm was suddenly given , that Aureolus , at the head of all his forces , had made a desperate sally from the town ; Gallienus , who was never deficient in personal bravery , started from his silken couch , and without allowing himself time either to put on his armor , or to assemble <b>his</b> <b>guards</b> , he mounted on horseback , and rode full speed towards the supposed place of the attack "	
23578	"HDFRE"	"our"	"guards"	3	5	3578	"We dread <b>our</b> very <b>guards</b> , we distrust our companions . "	
22827	"HDFRE"	"their"	"guides"	15	16	2827	"Warriors of such a daring spirit must have often murmured against the cowardice of <b>their</b> <b>guides</b> , who required the strongest assurances of a settled calm before they would venture to embark ; and would scarcely ever be tempted to lose sight of the land . "	
							
21443	"HDFRE"	"his"	"army"	18	19	1443	"But the concealed ambuscades of the Caledonians , who hung unseen on the rear and flanks of <b>his</b> <b>army</b> , the coldness of the climate and the severity of a winter march across the hills and morasses of Scotland , are reported to have cost the Romans above fifty thousand men . "	
22130	"HDFRE"	"his"	"army"	44	46	2130	"It might naturally be expected , that a prince of such a character , instead of suffering the rebellion to gain stability by delay , should immediately have marched from the banks of the Danube to those of the Tyber , and that <b>his</b> victorious <b>army</b> , instigated by contempt for the senate , and eager to gather the spoils of Italy , should have burned with impatience to finish the easy and lucrative conquest . "	
22137	"HDFRE"	"his"	"army"	21	22	2137	"At length , on a singular bridge , constructed with art and difficulty , of large hogsheads , he transported <b>his</b> <b>army</b> to the opposite bank , rooted up the beautiful vineyards in the neighborhood of Aquileia , demolished the suburbs , and employed the timber of the buildings in the engines and towers , with which on every side he attacked the city . "	
22146	"HDFRE"	"his"	"army"	19	20	2146	"The fierce temper of the tyrant was exasperated by disappointments , which he imputed to the cowardice of <b>his</b> <b>army</b> ; and his wanton and ill-timed cruelty , instead of striking terror , inspired hatred , and a just desire of revenge . "	
22171	"HDFRE"	"his"	"army"	7	9	2171	"After the tyrant 's death , <b>his</b> formidable <b>army</b> had acknowledged , from necessity rather than from choice , the authority of Maximus , who transported himself without delay to the camp before Aquileia . "	
22642	"HDFRE"	"his"	"army"	7	8	2642	"He conducted , or followed , <b>his</b> <b>army</b> to the confines of Italy , whither Philip , collecting all his force to repel the formidable competitor whom he had raised up , advanced to meet him . "	
22709	"HDFRE"	"his"	"army"	26	27	2709	"It was easier to vanquish the Goths than to eradicate the public vices ; yet even in the first of these enterprises , Decius lost <b>his</b> <b>army</b> and his life . "	
22753	"HDFRE"	"his"	"army"	33	34	2753	"The troops of ??milianus , who still lay encamped in the plains of Spoleto , were awed by the sanctity of his character , but much more by the superior strength of <b>his</b> <b>army</b> ; and as they were now become as incapable of personal attachment as they had always been of constitutional principle , they readily imbrued their hands in the blood of a prince who so lately had been the object of their partial choice . "	
23236	"HDFRE"	"his"	"army"	59	60	3236	"By the death of Odenathus , that authority was at an end which the senate had granted him only as a personal distinction ; but his martial widow , disdaining both the senate and Gallienus , obliged one of the Roman generals , who was sent against her , to retreat into Europe , with the loss of <b>his</b> <b>army</b> and his reputation . "	
23273	"HDFRE"	"his"	"army"	28	29	3273	"In his march over the sandy desert between Emesa and Palmyra , the emperor Aurelian was perpetually harassed by the Arabs ; nor could he always defend <b>his</b> <b>army</b> , and especially his baggage , from those flying troops of active and daring robbers , who watched the moment of surprise , and eluded the slow pursuit of the legions . "	
24329	"HDFRE"	"his"	"army"	20	21	4329	"Maximian , who conducted the siege in person , was soon convinced that he might waste his time and <b>his</b> <b>army</b> in the fruitless enterprise , and that he had nothing to hope either from force or famine . "	
24404	"HDFRE"	"his"	"army"	14	15	4404	"An incursion of the Franks had summoned Constantine , with a part of <b>his</b> <b>army</b> , to the banks of the Rhine ; the remainder of the troops were stationed in the southern provinces of Gaul , which lay exposed to the enterprises of the Italian emperor , and a considerable treasure was deposited in the city of Arles . "	
24732	"HDFRE"	"his"	"army"	11	12	4732	"Their emperor was satisfied with their martial appearance , and <b>his</b> <b>army</b> contained more soldiers , though fewer men , than that of his eastern competitor . "	
24763	"HDFRE"	"his"	"army"	5	7	4763	"A considerable part of <b>his</b> victorious <b>army</b> was transported over the Bosphorus in small vessels , and the decisive engagement was fought soon after their landing on the heights of Chrysopolis , or , as it is now called , of Scutari . "	
23063	"HDFRE"	"their"	"army"	50	52	3063	"On the banks of the Niester , one of the great rivers that discharge themselves into that sea , they constructed a fleet of two thousand , or even of six thousand vessels ; numbers which , however incredible they may seem , would have been insufficient to transport <b>their</b> pretended <b>army</b> of three hundred and twenty thousand barbarians . "	
							
24326	"HDFRE"	"her"	"armies"	12	13	4326	"Rome , according to the expression of an orator , recalled <b>her</b> <b>armies</b> ; and the unfortunate Severus , destitute of force and of counsel , retired , or rather fled , with precipitation , to Ravenna . "	
23971	"HDFRE"	"his"	"armies"	25	26	3971	"A slight resistance was followed by a dreadful carnage , and , in the general confusion , the wounded monarch ( for Narses commanded <b>his</b> <b>armies</b> in person ) fled towards the deserts of Media . "	
24721	"HDFRE"	"his"	"armies"	62	63	4721	"At the head of his legions he passed the Danube after repairing the bridge which had been constructed by Trajan , penetrated into the strongest recesses of Dacia , and when he had inflicted a severe revenge , condescended to give peace to the suppliant Goths , on condition that , as often as they were required , they should supply <b>his</b> <b>armies</b> with a body of forty thousand soldiers . "	
22783	"HDFRE"	"its"	"armies"	24	25	2783	"Whilst that prince , and his infant son Salonius , displayed , in the court of Treves , the majesty of the empire <b>its</b> <b>armies</b> were ably conducted by their general , Posthumus , who , though he afterwards betrayed the family of Valerian , was ever faithful to the great interests of the monarchy . "	
20336	"HDFRE"	"their"	"armies"	7	8	336	"If , in the consideration of <b>their</b> <b>armies</b> , we pass from their discipline to their numbers , we shall not find it easy to define them with any tolerable accuracy . "	
22374	"HDFRE"	"their"	"armies"	25	26	2374	"Both Alexander Severus and Artaxerxes , collecting the military force of the Roman and Persian monarchies , resolved in this important contest to lead <b>their</b> <b>armies</b> in person . "	
22425	"HDFRE"	"their"	"armies"	21	23	2425	"The barbarians , who often chose that severe season for their inroads , transported , without apprehension or danger , <b>their</b> numerous <b>armies</b> , their cavalry , and their heavy wagons , over a vast and solid bridge of ice . "	
22824	"HDFRE"	"their"	"armies"	25	26	2824	"With the acquisition of a superfluous waste of fertile soil , the conquerors obtained the command of a naval force , sufficient to transport <b>their</b> <b>armies</b> to the coast of Asia . "	
22966	"HDFRE"	"their"	"armies"	14	16	2966	"These precarious monarchs received , however , such honors as the flattery of <b>their</b> respective <b>armies</b> and provinces could bestow ; but their claim , founded on rebellion , could never obtain the sanction of law or history . "	
							
20288	"HDFRE"	"his"	"officers"	36	37	288	"The centurions were authorized to chastise with blows , the generals had a right to punish with death ; and it was an inflexible maxim of Roman discipline , that a good soldier should dread <b>his</b> <b>officers</b> far more than the enemy . "	
21836	"HDFRE"	"his"	"officers"	22	23	1836	"In llyricum , in Mauritania , in Armenia , in Mesopotamia , in Germany , fresh mutinies perpetually broke out ; <b>his</b> <b>officers</b> were murdered , his authority was insulted , and his life at last sacrificed to the fierce discontents of the army . "	
23049	"HDFRE"	"his"	"officers"	36	37	3049	"The frequent rebellions of the provinces had involved almost every person in the guilt of treason , almost every estate in the case of confiscation ; and Gallienus often displayed his liberality by distributing among <b>his</b> <b>officers</b> the property of his subjects . "	
23113	"HDFRE"	"his"	"officers"	14	16	3113	"His military regulations are contained in a very concise epistle to one of <b>his</b> inferior <b>officers</b> , who is commanded to enforce them , as he wishes to become a tribune , or as he is desirous to live . "	
23136	"HDFRE"	"his"	"officers"	37	39	3136	"The youths he trained in the exercise of arms , and near his own person : to the damsels he gave a liberal and Roman education , and by bestowing them in marriage on some of <b>his</b> principal <b>officers</b> , gradually introduced between the two nations the closest and most endearing connections . "	
23170	"HDFRE"	"his"	"officers"	24	25	3170	"As the light troops of the Alemanni had spread themselves from the Alps to the Apennine , the incessant vigilance of Aurelian and <b>his</b> <b>officers</b> was exercised in the discovery , the attack , and the pursuit of the numerous detachments . "	
23733	"HDFRE"	"his"	"officers"	22	23	3733	"But the advantage which Carinus had obtained by the valor of his soldiers , he quickly lost by the infidelity of <b>his</b> <b>officers</b> . "	
24353	"HDFRE"	"his"	"officers"	25	28	4353	"Sensible of the increasing difficulties of his enterprise , the haughty Galerius made the first advances towards a reconciliation , and despatched two of <b>his</b> most considerable <b>officers</b> to tempt the Roman princes by the offer of a conference , and the declaration of his paternal regard for Maxentius , who might obtain much more from his liberality than he could hope from the doubtful chance of war . "	
							
23015	"HDFRE"	"his"	"forces"	35	36	3015	"At a late hour of the night , but while the emperor still protracted the pleasures of the table , an alarm was suddenly given , that Aureolus , at the head of all <b>his</b> <b>forces</b> , had made a desperate sally from the town ; Gallienus , who was never deficient in personal bravery , started from his silken couch , and without allowing himself time either to put on his armor , or to assemble his guards , he mounted on horseback , and rode full speed towards the supposed place of the attack "	
23199	"HDFRE"	"his"	"forces"	11	12	3199	"He affected the appearances of a civil war , led <b>his</b> <b>forces</b> into the field , against Aurelian , posted them in the most disadvantageous manner , betrayed his own counsels to his enemy , and with a few chosen friends deserted in the beginning of the action . "	
23853	"HDFRE"	"his"	"forces"	32	33	3853	"He beheld , with anxious terror , the opposite shores of the continent already filled with arms , with troops , and with vessels ; for Constantius had very prudently divided <b>his</b> <b>forces</b> , that he might likewise divide the attention and resistance of the enemy . "	
24362	"HDFRE"	"his"	"forces"	32	33	4362	"We are told that Galerius , who had formed a very imperfect notion of the greatness of Rome by the cities of the East with which he was acquainted , found <b>his</b> <b>forces</b> inadequate to the siege of that immense capital . "	
24689	"HDFRE"	"his"	"forces"	8	9	4689	"The successive defeats of Licinius had ruined <b>his</b> <b>forces</b> , but they had displayed his courage and abilities . "	
21208	"HDFRE"	"Their"	"forces"	1	2	1208	"<b>Their</b> <b>forces</b> were exactly balanced . "	
22318	"HDFRE"	"Their"	"forces"	1	2	2318	"<b>Their</b> <b>forces</b> were multiplied by discipline . "	
23148	"HDFRE"	"their"	"forces"	14	15	3148	"Aurelian indulged the fatal security of the barbarians , and permitted about half <b>their</b> <b>forces</b> to pass the river without disturbance and without precaution . "	
23642	"HDFRE"	"their"	"forces"	15	16	3642	"The Persian councils were distracted by domestic factions , and the greater part of <b>their</b> <b>forces</b> were detained on the frontiers of India . "	
24199	"HDFRE"	"their"	"forces"	50	52	4199	"The empire was afflicted by five civil wars ; and the remainder of the time was not so much a state of tranquillity as a suspension of arms between several hostile monarchs , who , viewing each other with an eye of fear and hatred , strove to increase <b>their</b> respective <b>forces</b> at the expense of their subjects . "	
24340	"HDFRE"	"their"	"forces"	33	34	4340	"Though the characters of Constantine and Maxentius had very little affinity with each other , their situation and interest were the same ; and prudence seemed to require that they should unite <b>their</b> <b>forces</b> against the common enemy . "	
24437	"HDFRE"	"their"	"forces"	29	30	4437	"He had no sooner expired in his palace of Nicomedia , than the two emperors who were indebted for their purple to his favors , began to collect <b>their</b> <b>forces</b> , with the intention either of disputing , or of dividing , the dominions which he had left without a master . "	
24738	"HDFRE"	"their"	"forces"	22	24	4738	"The maritime cities of Greece sent their respective quotas of men and ships to the celebrated harbor of Pir??us , and <b>their</b> united <b>forces</b> consisted of no more than two hundred small vessels -- a very feeble armament , if it is compared with those formidable fleets which were equipped and maintained by the republic of Athens during the Peloponnesian war . "	
							
24728	"HDFRE"	"his"	"fleet"	54	55	4728	"Calling forth that spirit and those abilities by which he had deserved the friendship of Galerius and the Imperial purple , he prepared himself for the contest , collected the forces of the East , and soon filled the plains of Hadrianople with his troops , and the Straits of the Hellespont with <b>his</b> <b>fleet</b> . "	
22835	"HDFRE"	"their"	"fleet"	59	60	2835	"The second expedition of the Goths was undertaken with greater powers of men and ships ; but they steered a different course , and , disdaining the exhausted provinces of Pontus , followed the western coast of the Euxine , passed before the wide mouths of the Borysthenes , the Niester , and the Danube , and increasing <b>their</b> <b>fleet</b> by the capture of a great number of fishing barks , they approached the narrow outlet through which the Euxine Sea pours its waters into the Mediterranean , and divides the continents of Europe and Asia "	
22851	"HDFRE"	"their"	"fleet"	15	16	2851	"But while the conquerors abandoned themselves to the license of plunder and intemperance , <b>their</b> <b>fleet</b> , that lay with a slender guard in the harbor of Pir??us , was unexpectedly attacked by the brave Daxippus , who , flying with the engineer Cleodamus from the sack of Athens , collected a hasty band of volunteers , peasants as well as soldiers , and in some measure avenged the calamities of his country . "	
23090	"HDFRE"	"their"	"fleet"	4	5	3090	"The loss of <b>their</b> <b>fleet</b> , which was either taken or sunk , had intercepted the retreat of the Goths . "	
20228	"HDFRE"	"his"	"fleets"	48	49	228	"At the very time when Domitian , confined to his palace , felt the terrors which he inspired , his legions , under the command of the virtuous Agricola , defeated the collected force of the Caledonians , at the foot of the Grampian Hills ; and <b>his</b> <b>fleets</b> , venturing to explore an unknown and dangerous navigation , displayed the Roman arms round every part of the island . "	
20249	"HDFRE"	"His"	"fleets"	1	2	249	"<b>His</b> <b>fleets</b> ravaged the coast of Arabia ; and Trajan vainly flattered himself that he was approaching towards the confines of India . "	
23840	"HDFRE"	"His"	"fleets"	1	2	3840	"<b>His</b> <b>fleets</b> rode triumphant in the channel , commanded the mouths of the Seine and of the Rhine , ravaged the coasts of the ocean , and diffused beyond the columns of Hercules the terror of his name . "	
							
21627	"HDFRE"	"her"	"emissaries"	5	6	1627	"The sums distributed by <b>her</b> <b>emissaries</b> with a lavish hand silenced every objection , and the profusion sufficiently proved the affinity , or at least the resemblance , of Bassianus with the great original . "	
21279	"HDFRE"	"His"	"emissaries"	1	2	1279	"<b>His</b> <b>emissaries</b> , dispersed in the capital , assured the guards , that provided they would abandon their worthless prince , and the perpetrators of the murder of Pertinax , to the justice of the conqueror , he would no longer consider that melancholy event as the act of the whole body . "	
24665	"HDFRE"	"his"	"emissaries"	21	22	4665	"His nomination had been ratified by the consent of Licinius ; and that artful prince , by the means of <b>his</b> <b>emissaries</b> , soon contrived to enter into a secret and dangerous correspondence with the new C??sar , to irritate his discontents , and to urge him to the rash enterprise of extorting by violence what he might in vain solicit from the justice of Constantine . "	
							
20491	"HDFRE"	"his"	"workmen"	18	19	491	"It was more for the interest of the merchant or manufacturer to purchase , than to hire <b>his</b> <b>workmen</b> ; and in the country , slaves were employed as the cheapest and most laborious instruments of agriculture . "	
							
24365	"HDFRE"	"C??sar"	"veterans"	24	26	4365	"Had they not been restrained by motives of a more interested nature , they would probably have answered Galerius in the words of <b>C??sar</b> 's <b>veterans</b> : `` If our general wishes to lead us to the banks of the Tyber , we are prepared to trace out his camp . "	
24361	"HDFRE"	"his"	"veterans"	63	64	4361	"The name of Maximian , the popular arts of his son , the secret distribution of large sums , and the promise of still more liberal rewards , checked the ardor and corrupted the fidelity of the Illyrian legions ; and when Galerius at length gave the signal of the retreat , it was with some difficulty that he could prevail on <b>his</b> <b>veterans</b> not to desert a banner which had so often conducted them to victory and honor . "	
24608	"HDFRE"	"his"	"veterans"	14	15	4608	"The wealth of Asia was yet unexhausted ; and though the flower of <b>his</b> <b>veterans</b> had fallen in the late action , he had still power , if he could obtain time , to draw very numerous levies from Syria and Egypt . "	
24683	"HDFRE"	"his"	"veterans"	9	11	4683	"The loss of two battles , and of <b>his</b> bravest <b>veterans</b> , reduced the fierce spirit of Licinius to sue for peace . "	
							
22028	"HDFRE"	"their"	"train"	34	36	2028	"The leaders of the conspiracy , as they were admitted to the audience of the procurator , stabbed him with the daggers concealed under their garments , and , by the assistance of <b>their</b> tumultuary <b>train</b> , seized on the little town of Thysdrus , and erected the standard of rebellion against the sovereign of the Roman empire . "	
							
20848	"HDFRE"	"king"	"slave"	9	11	848	"He was dignified with the appellation of the <b>king</b> 's <b>slave</b> ; had , perhaps , been purchased from obscure parents , in a country which he had never known ; and was trained up from his infancy in the severe discipline of the seraglio . "	
							
22700	"HDFRE"	"his"	"subject"	10	12	2700	"`` Happy Valerian , '' said the prince to <b>his</b> distinguished <b>subject</b> , `` happy in the general approbation of the senate and of the Roman republic ! "	
23038	"HDFRE"	"his"	"subject"	17	19	3038	"The presents which accompanied this humble epistle , in which the monarch solicited a reconciliation with <b>his</b> discontented <b>subject</b> , consisted of a considerable sum of money , a splendid wardrobe , and a valuable service of silver and gold plate . "	
							
22439	"HDFRE"	"its"	"swarms"	5	6	2439	"The northern hive cast <b>its</b> <b>swarms</b> over the greatest part of Europe , Africa , and Asia ; and ( to use the author 's metaphor ) the blood circulated from the extremities to the heart . "	
							
22402	"HDFRE"	"his"	"nobles"	4	5	2402	"The monarch and <b>his</b> <b>nobles</b> transported into the camp the pride and luxury of the seraglio . "	
							
23540	"HDFRE"	"his"	"eagles"	16	18	3540	"The more daring Probus pursued his Gallic victories , passed the Rhine , and displayed <b>his</b> invincible <b>eagles</b> on the banks of the Elbe and the Necker . "	
							
21070	"HDFRE"	"his"	"chamberlain"	9	10	1070	"Marcia , his favorite concubine , Eclectus , <b>his</b> <b>chamberlain</b> , and L??tus , his Pr??torian pr??fect , alarmed by the fate of their companions and predecessors , resolved to prevent the destruction which every hour hung over their heads , either from the mad caprice of the tyrant , * or the sudden indignation of the people . "	
23647	"HDFRE"	"his"	"chamberlains"	27	28	3647	"Immediately after the most violent clap of thunder , we heard a sudden cry that the emperor was dead ; and it soon appeared , that <b>his</b> <b>chamberlains</b> , in a rage of grief , had set fire to the royal pavilion ; a circumstance which gave rise to the report that Carus was killed by lightning . "	
							
24684	"HDFRE"	"His"	"ambassador"	1	2	4684	"<b>His</b> <b>ambassador</b> Mistrianus was admitted to the audience of Constantine : he expatiated on the common topics of moderation and humanity , which are so familiar to the eloquence of the vanquished ; represented in the most insinuating language , that the event of the war was still doubtful , whilst its inevitable calamities were alike pernicious to both the contending parties ; and declared that he was authorized to propose a lasting and honorable peace in the name of the two emperors his masters "	
23632	"HDFRE"	"His"	"ambassadors"	1	2	3632	"<b>His</b> <b>ambassadors</b> entered the camp about sunset , at the time when the troops were satisfying their hunger with a frugal repast . "	
22789	"HDFRE"	"their"	"ambassadors"	18	19	2789	"At stated periods , the numerous tribes who gloried in the Suevic blood , resorted thither by <b>their</b> <b>ambassadors</b> ; and the memory of their common extraction was perpetrated by barbaric rites and human sacrifices . "	
23152	"HDFRE"	"their"	"ambassadors"	3	4	3152	"Aurelian received <b>their</b> <b>ambassadors</b> at the head of his camp , and with every circumstance of martial pomp that could display the greatness and discipline of Rome . "	
							
24634	"HDFRE"	"her"	"eunuchs"	6	7	4634	"Her estates were confiscated , <b>her</b> <b>eunuchs</b> and domestics devoted to the most inhuman tortures ; and several innocent and respectable matrons , who were honored with her friendship , suffered death , on a false accusation of adultery . "	
22203	"HDFRE"	"mother"	"eunuchs"	13	15	2203	"Immediately after his accession , he fell into the hands of his <b>mother</b> 's <b>eunuchs</b> , that pernicious vermin of the East , who , since the days of Elagabalus , had infested the Roman palace . "	
							
21068	"HDFRE"	"his"	"domestics"	21	23	1068	"He had shed with impunity the noblest blood of Rome : he perished as soon as he was dreaded by <b>his</b> own <b>domestics</b> . "	
20747	"HDFRE"	"their"	"domestics"	10	12	747	"Caligula and Domitian were assassinated in their palace by <b>their</b> own <b>domestics</b> : * the convulsions which agitated Rome on the death of the former , were confined to the walls of the city . "	
							
23671	"HDFRE"	"his"	"doorkeepers"	3	4	3671	"One of <b>his</b> <b>doorkeepers</b> he intrusted with the government of the city . "	
							
21656	"HDFRE"	"his"	"courtiers"	17	19	1656	"This new and injudicious violation of the constitution was probably dictated either by the ignorance of <b>his</b> Syrian <b>courtiers</b> , or the fierce disdain of his military followers . "	
23693	"HDFRE"	"his"	"courtiers"	28	29	3693	"In the midst of this glittering pageantry , the emperor Carinus , secure of his fortune , enjoyed the acclamations of the people , the flattery of <b>his</b> <b>courtiers</b> , and the songs of the poets , who , for want of a more essential merit , were reduced to celebrate the divine graces of his person . "	
24156	"HDFRE"	"their"	"courtiers"	23	24	4156	"By such infamous arts , '' added Diocletian , `` the best and wisest princes are sold to the venal corruption of <b>their</b> <b>courtiers</b> . '' "	
							
22045	"HDFRE"	"his"	"representative"	16	18	2045	"* As long as that emperor lived , Africa was happy under the administration of <b>his</b> worthy <b>representative</b> : after the barbarous Maximin had usurped the throne , Gordianus alleviated the miseries which he was unable to prevent . "	
20408	"HDFRE"	"its"	"representative"	9	11	408	"Every virtue , and even vice , acquired <b>its</b> divine <b>representative</b> ; every art and profession its patron , whose attributes , in the most distant ages and countries , were uniformly derived from the character of their peculiar votaries . "	
							
22923	"HDFRE"	"his"	"captive"	31	33	2923	"Notwithstanding all the remonstrances of his allies , who repeatedly advised him to remember the vicissitudes of fortune , to dread the returning power of Rome , and to make <b>his</b> illustrious <b>captive</b> the pledge of peace , not the object of insult , Sapor still remained inflexible . "	
							
22216	"HDFRE"	"their"	"garrisons"	13	14	2216	"On his approach , with a great army , the Persians withdrew <b>their</b> <b>garrisons</b> from the cities which they had already taken , and retired from the Euphrates to the Tigris . "	
							
23069	"HDFRE"	"their"	"navy"	20	21	3069	"Impatient for battle , the Goths immediately broke up their camp , relinquished the siege of Thessalonica , left <b>their</b> <b>navy</b> at the foot of Mount Athos , traversed the hills of Macedonia , and pressed forwards to engage the last defence of Italy . "	
							
21786	"HDFRE"	"Alexander"	"government"	28	30	1786	"Such a uniform tenor of life , which left not a moment for vice or folly , is a better proof of the wisdom and justice of <b>Alexander</b> 's <b>government</b> , than all the trifling details preserved in the compilation of Lampridius . "	
23799	"HDFRE"	"Diocletian"	"government"	20	22	3799	"But we have preferred , for the sake of perspicuity , first to describe the more perfect form of <b>Diocletian</b> 's <b>government</b> , and afterwards to relate the actions of his reign , following rather the natural order of the events , than the dates of a very doubtful chronology . "	
21228	"HDFRE"	"his"	"government"	2	3	1228	"In <b>his</b> <b>government</b> Niger acquired the esteem of the soldiers and the love of the provincials . "	
21896	"HDFRE"	"his"	"government"	14	15	1896	"When Augustus resolved to establish a permanent military force for the defence of <b>his</b> <b>government</b> against foreign and domestic enemies , he instituted a peculiar treasury for the pay of the soldiers , the rewards of the veterans , and the extra-ordinary expenses of war . "	
24093	"HDFRE"	"their"	"government"	2	4	4093	"In <b>their</b> civil <b>government</b> , the emperors were supposed to exercise the undivided power of the monarch , and their edicts , inscribed with their joint names , were received in all the provinces , as promulgated by their mutual councils and authority . "	
							
25111	"HDFRE"	"her"	"missionaries"	58	59	5111	"The society of the faithful bore a just proportion to the capital of the empire ; and the Roman church was the greatest , the most numerous , and , in regard to the West , the most ancient of all the Christian establishments , many of which had received their religion from the pious labors of <b>her</b> <b>missionaries</b> . "	
24817	"HDFRE"	"his"	"missionaries"	42	44	4817	"A larger acquaintance with mankind extended their knowledge without correcting their prejudices ; and whenever the God of Israel acquired any new votaries , he was much more indebted to the inconstant humor of polytheism than to the active zeal of <b>his</b> own <b>missionaries</b> . "	
							
20923	"HDFRE"	"his"	"attendants"	10	11	923	"His simplicity and timidity rendered him the slave of <b>his</b> <b>attendants</b> , who gradually corrupted his mind . "	
24124	"HDFRE"	"his"	"attendants"	49	50	4124	"During the whole winter he was confined to his palace : his danger inspired a general and unaffected concern ; but the people could only judge of the various alterations of his health , from the joy or consternation which they discovered in the countenances and behavior of <b>his</b> <b>attendants</b> . "	
							
21093	"HDFRE"	"his"	"creatures"	12	13	1093	"* In spite of all remonstrances , even of those of <b>his</b> <b>creatures</b> who yet preserved any regard for prudence or decency , Commodus had resolved to pass the night in the gladiators ' school , and from thence to take possession of the consulship , in the habit and with the attendance of that infamous crew . "	
21762	"HDFRE"	"his"	"creatures"	29	31	1762	"As soon as they had purged the city from foreign superstition and luxury , the remains of the capricious tyranny of Elagabalus , they applied themselves to remove <b>his</b> worthless <b>creatures</b> from every department of the public administration , and to supply their places with men of virtue and ability . "	
							
25103	"HDFRE"	"his"	"flock"	30	31	5103	"The bishops acknowledged the supreme authority which resided in the assembly of their brethren ; but in the government of his peculiar diocese , each of them exacted from <b>his</b> <b>flock</b> the same implicit obedience as if that favorite metaphor had been literally just , and as if the shepherd had been of a more exalted nature than that of his sheep . "	
							
22665	"HDFRE"	"his"	"Goths"	67	69	2665	"That Odin , yielding with indignant fury to a power which he was unable to resist , conducted his tribe from the frontiers of the Asiatic Sarmatia into Sweden , with the great design of forming , in that inaccessible retreat of freedom , a religion and a people , which , in some remote age , might be subservient to his immortal revenge ; when <b>his</b> invincible <b>Goths</b> , armed with martial fanaticism , should issue in numerous swarms from the neighborhood of the Polar circle , to chastise the oppressors of mankind "	
							
23039	"HDFRE"	"his"	"general"	13	15	3039	"By such arts Gallienus softened the indignation and dispelled the fears of <b>his</b> Illyrian <b>general</b> ; and during the remainder of that reign , the formidable sword of Claudius was always drawn in the cause of a master whom he despised . "	
24680	"HDFRE"	"his"	"general"	14	15	4680	"In his flight he bestowed the precarious title of C??sar on Valens , <b>his</b> <b>general</b> of the Illyrian frontier . "	
							
21254	"HDFRE"	"his"	"columns"	30	31	1254	"During the whole expedition , he scarcely allowed himself any moments for sleep or food ; marching on foot , and in complete armor , at the head of <b>his</b> <b>columns</b> , he insinuated himself into the confidence and affection of his troops , pressed their diligence , revived their spirits , animated their hopes , and was well satisfied to share the hardships of the meanest soldier , whilst he kept in view the infinite superiority of his reward . "	
							
22643	"HDFRE"	"his"	"force"	20	21	2643	"He conducted , or followed , his army to the confines of Italy , whither Philip , collecting all <b>his</b> <b>force</b> to repel the formidable competitor whom he had raised up , advanced to meet him . "	
23946	"HDFRE"	"his"	"force"	33	35	3946	"The civil war was , however , soon terminated , either by a victor or by a reconciliation ; and Narses , who was universally acknowledged as king of Persia , directed <b>his</b> whole <b>force</b> against the foreign enemy . "	
							
22900	"HDFRE"	"whose"	"force"	18	20	2900	"The advantages of the narrow passes of Mount Taurus were abandoned , in which an invader , <b>whose</b> principal <b>force</b> consisted in his cavalry , would have been engaged in a very unequal combat : and Sapor was permitted to form the siege of C??sarea , the capital of Cappadocia ; a city , though of the second rank , which was supposed to contain four hundred thousand inhabitants . "	
							
22305	"HDFRE"	"his"	"satraps"	19	20	2305	"On that day the husbandmen were admitted , without distinction , to the table of the king and <b>his</b> <b>satraps</b> . "	
23973	"HDFRE"	"his"	"satraps"	8	9	3973	"His sumptuous tents , and those of <b>his</b> <b>satraps</b> , afforded an immense booty to the conqueror ; and an incident is mentioned , which proves the rustic but martial ignorance of the legions in the elegant superfluities of life . "	
							
22685	"HDFRE"	"his"	"detachments"	32	34	2685	"Intelligence was soon transmitted to the emperor Decius , that Cniva , king of the Goths , had passed the Danube a second time , with more considerable forces ; that <b>his</b> numerous <b>detachments</b> scattered devastation over the province of M??sia , whilst the main body of the army , consisting of seventy thousand Germans and Sarmatians , a force equal to the most daring achievements , required the presence of the Roman monarch , and the exertion of his military power "	
							
23602	"HDFRE"	"his"	"legionaries"	43	45	3602	"But in the prosecution of a favorite scheme , the best of men , satisfied with the rectitude of their intentions , are subject to forget the bounds of moderation ; nor did Probus himself sufficiently consult the patience and disposition of <b>his</b> fierce <b>legionaries</b> . "	
							
21773	"HDFRE"	"his"	"council"	27	28	1773	"But as he deemed the service of mankind the most acceptable worship of the gods , the greatest part of his morning hours was employed in <b>his</b> <b>council</b> , where he discussed public affairs , and determined private causes , with a patience and discretion above his years . "	
24483	"HDFRE"	"his"	"council"	38	39	4483	"He gave a private audience to the ambassadors , who , in the name of the senate and people , conjured him to deliver Rome from a detested tyrant ; and without regarding the timid remonstrances of <b>his</b> <b>council</b> , he resolved to prevent the enemy , and to carry the war into the heart of Italy . "	
20675	"HDFRE"	"his"	"councils"	8	9	675	"But we may venture to ascribe to <b>his</b> <b>councils</b> the first measure of the succeeding reign , by which the elections were transferred to the senate . "	
20047	"HDFRE"	"our"	"councils"	150	151	47	"A second attentive and regular perusal of the entire work , of the notes of the author , and of those which I had thought it right to subjoin , showed me how much I had exaggerated the importance of the reproaches which Gibbon really deserved ; I was struck with the same errors , the same partiality on certain subjects ; but I had been far from doing adequate justice to the immensity of his researches , the variety of his knowledge , and above all , to that truly philosophical discrimination ( justesse d'esprit ) which judges the past as it would judge the present ; which does not permit itself to be blinded by the clouds which time gathers around the dead , and which prevent us from seeing that , under the toga , as under the modern dress , in the senate as in <b>our</b> <b>councils</b> , men were what they still are , and that events took place eighteen centuries ago , as they take place in our days "	
22669	"HDFRE"	"their"	"councils"	33	34	2669	"The use of round bucklers and short swords rendered them formidable in a close engagement ; the manly obedience which they yielded to hereditary kings , gave uncommon union and stability to <b>their</b> <b>councils</b> ; and the renowned Amala , the hero of that age , and the tenth ancestor of Theodoric , king of Italy , enforced , by the ascendant of personal merit , the prerogative of his birth , which he derived from the Anses , or demi gods of the Gothic nation . "	
23803	"HDFRE"	"their"	"councils"	25	27	3803	"The first governed by superstition , the second by arms , but the third and last was not of any weight or account in <b>their</b> public <b>councils</b> . "	
24096	"HDFRE"	"their"	"councils"	39	41	4096	"In their civil government , the emperors were supposed to exercise the undivided power of the monarch , and their edicts , inscribed with their joint names , were received in all the provinces , as promulgated by <b>their</b> mutual <b>councils</b> and authority . "	
							
25142	"HDFRE"	"his"	"clergy"	13	14	5142	"A decent portion was reserved for the maintenance of the bishop and <b>his</b> <b>clergy</b> ; a sufficient sum was allotted for the expenses of the public worship , of which the feasts of love , the agap , as they were called , constituted a very pleasing part . "	
							
21180	"HDFRE"	"his"	"freedmen"	7	8	1180	"His wife and his daughter , <b>his</b> <b>freedmen</b> and his parasites , easily convinced him that he deserved the throne , and earnestly conjured him to embrace so fortunate an opportunity . "	
							
22908	"HDFRE"	"his"	"prisoners"	40	41	2908	"This heroic chief escaped the power of a foe who might either have honored or punished his obstinate valor ; but many thousands of his fellow-citizens were involved in a general massacre , and Sapor is accused of treating <b>his</b> <b>prisoners</b> with wanton and unrelenting cruelty . "	
							
24958	"HDFRE"	"their"	"scholars"	69	71	4958	"How shall I admire , how laugh , how rejoice , how exult , when I behold so many proud monarchs , so many fancied gods , groaning in the lowest abyss of darkness ; so many magistrates , who persecuted the name of the Lord , liquefying in fiercer fires than they ever kindled against the Christians ; so many sage philosophers blushing in red-hot flames with <b>their</b> deluded <b>scholars</b> ; so many celebrated poets trembling before the tribunal , not of Minos , but of Christ ; so many tragedians , more tuneful in the expression of their own sufferings ; so many dancers "	
							
13302	"PTB_WSJ"	"her"	"actors"	11	12	18009		
13303	"PTB_WSJ"	"her"	"actors"	8	9	18011		
							
13635	"PTB_WSJ"	"my"	"broker"	12	13	26516		
13636	"PTB_WSJ"	"my"	"driver"	4	5	7779		
13892	"JB"	"my"	"driver"	28	29	2670	"It was Things like trees , and they fell up and down the lines and bubbled ; and my head-rope broke , and I could n't find <b>my</b> <b>driver</b> , and I could n't find you , Billy , so I ran off with -- with these gentlemen . '' "	
13893	"JB"	"my"	"driver"	8	9	2837	"All they can do is to stop <b>my</b> <b>driver</b> 's pay till I get well , and I ca n't trust my driver . '' "	
13894	"JB"	"my"	"driver"	22	23	2837	"All they can do is to stop my driver 's pay till I get well , and I ca n't trust <b>my</b> <b>driver</b> . '' "	
13637	"PTB_WSJ"	"my"	"employees"	16	17	17427		
13638	"PTB_WSJ"	"my"	"staff"	5	6	33162		
13639	"PTB_WSJ"	"My"	"staff"	2	3	36740		
13640	"PTB_WSJ"	"my"	"students"	41	44	10109		
13889	"JB"	"my"	"troop"	7	8	2976	"I set the time for all <b>my</b> <b>troop</b> , little lady , '' he said politely . "	
13895	"JB"	"my"	"wolves"	19	20	1429	"Fare you well , children of men , and thank Messua that I do not come in with <b>my</b> <b>wolves</b> and hunt you up and down your street . '' "	
							
13856	"PTB_WSJ"	"Webster"	"deputies"	6	11	25599		
							
13845	"PTB_WSJ"	"Wall"	"deputies"	40	42	2699		
13846	"PTB_WSJ"	"Wall"	"deputies"	2	4	2715		
							
13351	"PTB_WSJ"	"his"	"congressman"	18	20	32779		
13352	"PTB_WSJ"	"his"	"deputy"	5	6	23243		
13353	"PTB_WSJ"	"his"	"deputy"	16	17	36352		
13354	"PTB_WSJ"	"his"	"doctor"	12	13	3772		
13890	"JB"	"his"	"driver"	9	10	2276	"`` Yes , '' said Big Toomai , <b>his</b> <b>driver</b> , the son of Black Toomai who had taken him to Abyssinia , and grandson of Toomai of the Elephants who had seen him caught , `` there is nothing that the Black Snake fears except me . "	
13891	"JB"	"his"	"driver"	12	13	3004	"Mule , horse , elephant , or bullock , he obeys <b>his</b> <b>driver</b> , and the driver his sergeant , and the sergeant his lieutenant , and the lieutenant his captain , and the captain his major , and the major his colonel , and the colonel his brigadier commanding three regiments , and the brigadier the general , who obeys the Viceroy , who is the servant of the Empress . "	
							
20212	"HDFRE"	"His"	"generals"	1	2	212	"<b>His</b> <b>generals</b> , in the early part of his reign , attempted the reduction of Ethiopia and Arabia Felix . "	
20271	"HDFRE"	"his"	"generals"	26	27	271	"The hostilities of the barbarians provoked the resentment of that philosophic monarch , and , in the prosecution of a just defence , Marcus and <b>his</b> <b>generals</b> obtained many signal victories , both on the Euphrates and on the Danube . "	
21346	"HDFRE"	"his"	"generals"	15	16	1346	"The impetuosity of Severus disappointed this prudent scheme of defence ; he left to <b>his</b> <b>generals</b> the siege of Byzantium , forced the less guarded passage of the Hellespont , and , impatient of a meaner enemy , pressed forward to encounter his rival . "	
21383	"HDFRE"	"his"	"generals"	23	24	1383	"There is still extant a letter of Severus , lamenting the licentious stage of the army , * and exhorting one of <b>his</b> <b>generals</b> to begin the necessary reformation from the tribunes themselves ; since , as he justly observes , the officer who has forfeited the esteem , will never command the obedience , of his soldiers . "	
23096	"HDFRE"	"his"	"generals"	26	27	3096	"In his last illness , he convened the principal officers of the state and army , and in their presence recommended Aurelian , one of <b>his</b> <b>generals</b> , as the most deserving of the throne , and the best qualified to execute the great design which he himself had been permitted only to undertake . "	
23264	"HDFRE"	"his"	"generals"	30	31	3264	"As far as the frontier of Egypt , the nations subject to her empire had joined the standard of the conqueror , who detached Probus , the bravest of <b>his</b> <b>generals</b> , to possess himself of the Egyptian provinces . "	
23482	"HDFRE"	"his"	"generals"	9	10	3482	"Tacitus , who desired by the abilities of <b>his</b> <b>generals</b> to supply his own deficiency of military talents , named him commander-in-chief of all the eastern provinces , with five times the usual salary , the promise of the consulship , and the hope of a triumph . "	
							
13379	"PTB_WSJ"	"his"	"pilots"	26	28	23052		
13380	"PTB_WSJ"	"his"	"players"	27	28	23388		
13381	"PTB_WSJ"	"his"	"quarterback"	6	7	23329		
13382	"PTB_WSJ"	"his"	"salespeople"	12	13	36087		
13383	"PTB_WSJ"	"his"	"secretaries"	22	23	914		
13384	"PTB_WSJ"	"his"	"secretary"	2	3	23112		
							
13364	"PTB_WSJ"	"his"	"investigator"	19	20	23136		
13365	"PTB_WSJ"	"his"	"lawyers"	17	18	996		
13366	"PTB_WSJ"	"his"	"lawyers"	2	3	11372		
13367	"PTB_WSJ"	"his"	"lawyers"	15	16	24166		
13368	"PTB_WSJ"	"his"	"lawyers"	12	13	34607		
							
13609	"PTB_WSJ"	"Marcos"	"attorney"	2	4	1448		
13610	"PTB_WSJ"	"Marcos"	"attorneys"	24	26	1444		
13611	"PTB_WSJ"	"Marcos"	"attorneys"	2	4	8214		
							
13697	"PTB_WSJ"	"plaintiff"	"lawyer"	9	11	15101		
13698	"PTB_WSJ"	"plaintiffs"	"lawyer"	6	9	8235		
13699	"PTB_WSJ"	"plaintiffs"	"lawyers"	11	13	15007		
13700	"PTB_WSJ"	"plaintiffs"	"lawyers"	9	11	29895		
13701	"PTB_WSJ"	"Plaintiffs"	"lawyers"	1	3	35293		
							
13706	"PTB_WSJ"	"president"	"doctor"	3	5	29567		
							
13735	"PTB_WSJ"	"senator"	"spokesman"	13	15	5291		
13736	"PTB_WSJ"	"senator"	"spokesman"	2	4	36752		
							
13793	"PTB_WSJ"	"their"	"representatives"	11	12	33		
13794	"PTB_WSJ"	"their"	"representatives"	14	17	30120		
							
13101	"PTB_WSJ"	"Antar"	"attorneys"	21	23	11363		
13102	"PTB_WSJ"	"Antar"	"attorneys"	5	7	11365		
13103	"PTB_WSJ"	"Antar"	"lawyers"	8	10	11364		
							
13240	"PTB_WSJ"	"family"	"spokesman"	7	10	10271		
13241	"PTB_WSJ"	"father"	"maid"	7	9	36334		
							
13308	"PTB_WSJ"	"her"	"chancellor"	5	7	7685		
13313	"PTB_WSJ"	"her"	"lawyer"	19	20	12446		
13314	"PTB_WSJ"	"her"	"lawyer"	22	23	12450		
13315	"PTB_WSJ"	"her"	"lawyer"	16	17	23632		
							
13332	"PTB_WSJ"	"his"	"attorney"	18	19	2726		
13333	"PTB_WSJ"	"his"	"attorney"	28	29	4752		
13334	"PTB_WSJ"	"his"	"attorney"	5	6	4758		
13335	"PTB_WSJ"	"his"	"attorney"	9	10	27780		
13336	"PTB_WSJ"	"His"	"attorneys"	1	2	14992		
							
13339	"PTB_WSJ"	"his"	"broker"	3	5	20101		
13340	"PTB_WSJ"	"his"	"broker"	8	9	20107		
13341	"PTB_WSJ"	"his"	"broker"	21	22	20116		
13342	"PTB_WSJ"	"his"	"broker"	11	12	37623		
13343	"PTB_WSJ"	"his"	"brokers"	30	31	1405		
							
13405	"PTB_WSJ"	"Hunt"	"attorney"	5	7	1094		
							
13743	"PTB_WSJ"	"Smith"	"managers"	2	4	23002		
							
13742	"PTB_WSJ"	"Skinner"	"deputy"	8	10	31588		
							
13617	"PTB_WSJ"	"men"	"attorney"	7	9	29725		
13618	"PTB_WSJ"	"men"	"attorneys"	22	24	29723		
							
13654	"PTB_WSJ"	"Noriega"	"representative"	18	20	36441		
							
13722	"PTB_WSJ"	"Sala"	"attorney"	5	7	26604		
13720	"PTB_WSJ"	"Roderick"	"man"	5	8	16295		
							
13120	"PTB_WSJ"	"Beebes"	"lawyer"	5	7	35296		
							
13090	"PTB_WSJ"	"Ahmad"	"lawyer"	2	4	35321		

