5737	"PTB_WSJ"	"their"	"addresses"	44	46	14015		
5766	"PTB_WSJ"	"Co."	"alley"	13	15	1176		
20413	"HDFRE"	"their"	"altars"	15	17	413	"The Greek , the Roman , and the Barbarian , as they met before <b>their</b> respective <b>altars</b> , easily persuaded themselves , that under various names , and with various ceremonies , they adored the same deities . "	
21486	"HDFRE"	"her"	"apartment"	17	18	1486	"He artfully listened to his mother 's entreaties , and consented to meet his brother in <b>her</b> <b>apartment</b> , on terms of peace and reconciliation . "	
21476	"HDFRE"	"their"	"apartments"	6	7	1476	"No communication was allowed between <b>their</b> <b>apartments</b> ; the doors and passages were diligently fortified , and guards posted and relieved with the same strictness as in a besieged place . "	
5746	"PTB_WSJ"	"our"	"area"	12	13	32867		
5747	"PTB_WSJ"	"our"	"area"	17	18	32870		
5748	"PTB_WSJ"	"their"	"area"	8	10	28820		
5749	"PTB_WSJ"	"Washington"	"area"	36	38	1624		
21697	"HDFRE"	"her"	"asylum"	25	27	1697	"A long train of concubines , and a rapid succession of wives , among whom was a vestal virgin , ravished by force from <b>her</b> sacred <b>asylum</b> , were insufficient to satisfy the impotence of his passions . "	
22610	"HDFRE"	"their"	"banks"	9	11	2610	"They were commanded to retire five miles from <b>their</b> own <b>banks</b> of the Danube , and to deliver up the flower of the youth , who were immediately sent into Britain , a remote island , where they might be secure as hostages , and useful as soldiers . "	
10348	"JB"	"Teddy"	"bedroom"	26	28	2083	"Then Teddy 's mother came in with a very white face , and saw what was left of Nag , and Rikki-tikki dragged himself to <b>Teddy</b> 's <b>bedroom</b> and spent half the rest of the night shaking himself tenderly to find out whether he really was broken into forty pieces , as he fancied . "	
10338	"JB"	"my"	"cabin"	32	33	1543	"Limmershin , the Winter Wren , told me the tale when he was blown on to the rigging of a steamer going to Japan , and I took him down into <b>my</b> <b>cabin</b> and warmed and fed him for a couple of days till he was fit to fly back to St. Paul 's again . "	
20636	"HDFRE"	"his"	"camp"	2	3	636	"In <b>his</b> <b>camp</b> the general exercise an absolute power of life and death ; his jurisdiction was not confined by any forms of trial , or rules of proceeding , and the execution of the sentence was immediate and without appeal . "	
22013	"HDFRE"	"His"	"camp"	1	2	2013	"<b>His</b> <b>camp</b> , occasionally removed from the banks of the Rhine to those of the Danube , was the seat of his stern despotism , which trampled on every principle of law and justice , and was supported by the avowed power of the sword . "	
22621	"HDFRE"	"his"	"camp"	17	18	2621	"Sometimes crowds of volunteers flocked from all parts to the standard of a favorite leader ; <b>his</b> <b>camp</b> became their country , and some circumstance of the enterprise soon gave a common denomination to the mixed multitude . "	
22698	"HDFRE"	"his"	"camp"	21	22	2698	"As soon as the decree of the senate was transmitted to the emperor , he assembled a great council in <b>his</b> <b>camp</b> , and before the investiture of the censor elect , he apprised him of the difficulty and importance of his great office . "	
23153	"HDFRE"	"his"	"camp"	9	10	3153	"Aurelian received their ambassadors at the head of <b>his</b> <b>camp</b> , and with every circumstance of martial pomp that could display the greatness and discipline of Rome . "	
23386	"HDFRE"	"his"	"camp"	16	17	3386	"The Roman senators heard , without surprise , that another emperor had been assassinated in <b>his</b> <b>camp</b> ; they secretly rejoiced in the fall of Aurelian ; and , besides the recent notoriety of the facts , constantly draws his materials from the Journals of the Senate , and the but the modest and dutiful address of the legions , when it was communicated in full assembly by the consul , diffused the most pleasing astonishment . "	
23543	"HDFRE"	"his"	"camp"	9	10	3543	"Nine of the most considerable princes repaired to <b>his</b> <b>camp</b> , and fell prostrate at his feet . "	
23894	"HDFRE"	"his"	"camp"	39	40	3894	"Diocletian , on his side , opened the campaign in Egypt by the siege of Alexandria , cut off the aqueducts which conveyed the waters of the Nile into every quarter of that immense city , and rendering <b>his</b> <b>camp</b> impregnable to the sallies of the besieged multitude , he pushed his reiterated attacks with caution and vigor . "	
24351	"HDFRE"	"his"	"camp"	41	42	4351	"The invader found every place hostile , fortified , and inaccessible ; and though he forced his way as far as Narni , within sixty miles of Rome , his dominion in Italy was confined to the narrow limits of <b>his</b> <b>camp</b> . "	
24367	"HDFRE"	"his"	"camp"	49	50	4367	"Had they not been restrained by motives of a more interested nature , they would probably have answered Galerius in the words of C??sar 's veterans : `` If our general wishes to lead us to the banks of the Tyber , we are prepared to trace out <b>his</b> <b>camp</b> . "	
24600	"HDFRE"	"his"	"camp"	35	36	4600	"He was detained some days under the walls of Heraclea ; and he had no sooner taken possession of that city , than he was alarmed by the intelligence , that Licinius had pitched <b>his</b> <b>camp</b> at the distance of only eighteen miles . "	
24673	"HDFRE"	"his"	"camp"	2	3	4673	"Abandoning <b>his</b> <b>camp</b> and magazines , he marched away with secrecy and diligence at the head of the greatest part of his cavalry , and was soon removed beyond the danger of a pursuit . "	
24752	"HDFRE"	"his"	"camp"	9	10	4752	"The naval commanders of Constantine were summoned to <b>his</b> <b>camp</b> , and received his positive orders to force the passage of the Hellespont , as the fleet of Licinius , instead of seeking and destroying their feeble enemy , continued inactive in those narrow straits , where its superiority of numbers was of little use or advantage . "	
20738	"HDFRE"	"their"	"camp"	12	13	738	"The stupid Claudius , brother of Germanicus , was already in <b>their</b> <b>camp</b> , invested with the Imperial purple , and prepared to support his election by arms . "	
21291	"HDFRE"	"their"	"camp"	16	17	1291	"During the transaction , another detachment had been sent to seize their arms , occupy <b>their</b> <b>camp</b> , and prevent the hasty consequences of their despair . "	
21858	"HDFRE"	"their"	"camp"	45	46	1858	"The tempest was instantly appeased : the soldiers , filled with grief and shame , silently confessed the justice of their punishment , and the power of discipline , yielded up their arms and military ensigns , and retired in confusion , not to <b>their</b> <b>camp</b> , but to the several inns of the city . "	
21929	"HDFRE"	"their"	"camp"	22	23	1929	"The rougher trade of arms was abandoned to the peasants and barbarians of the frontiers , who knew no country but <b>their</b> <b>camp</b> , no science but that of war no civil laws , and scarcely those of military discipline . "	
22180	"HDFRE"	"their"	"camp"	8	9	2180	"When the whole body was united in <b>their</b> <b>camp</b> , those who had served under Maximin , and those who had remained at Rome , insensibly communicated to each other their complaints and apprehensions . "	
22726	"HDFRE"	"their"	"camp"	4	5	2726	"He plentifully supplied <b>their</b> <b>camp</b> with every conveniency that could assuage their angry spirits or facilitate their so much wished-for departure ; and he even promised to pay them annually a large sum of gold , on condition they should never afterwards infest the Roman territories by their incursions . "	
23040	"HDFRE"	"their"	"camp"	23	24	3040	"At last , indeed , he received from the conspirators the bloody purple of Gallienus : but he had been absent from <b>their</b> <b>camp</b> and counsels ; and however he might applaud the deed , we may candidly presume that he was innocent of the knowledge of it . "	
23068	"HDFRE"	"their"	"camp"	10	11	3068	"Impatient for battle , the Goths immediately broke up <b>their</b> <b>camp</b> , relinquished the siege of Thessalonica , left their navy at the foot of Mount Athos , traversed the hills of Macedonia , and pressed forwards to engage the last defence of Italy . "	
23966	"HDFRE"	"their"	"camp"	63	64	3966	"Adversity had confirmed the Roman discipline , while the barbarians , elated by success , were become so negligent and remiss , that in the moment when they least expected it , they were surprised by the active conduct of Galerius , who , attended only by two horsemen , had with his own eyes secretly examined the state and position of <b>their</b> <b>camp</b> . "	
24583	"HDFRE"	"Their"	"camp"	1	3	4583	"<b>Their</b> fortified <b>camp</b> was destroyed , and the few Pr??torians who had escaped the fury of the sword were dispersed among the legions , and banished to the frontiers of the empire , where they might be serviceable without again becoming dangerous . "	
22592	"HDFRE"	"their"	"camps"	29	31	2592	"He introduced an army of Germans into Gaul , prevailed on the powerful cities of Treves and Langres to embrace his cause , defeated the legions , destroyed <b>their</b> fortified <b>camps</b> , and employed against the Romans the military knowledge which he had acquired in their service . "	
23255	"HDFRE"	"her"	"capital"	25	26	3255	"Zenobia would have ill deserved her reputation , had she indolently permitted the emperor of the West to approach within a hundred miles of <b>her</b> <b>capital</b> . "	
23265	"HDFRE"	"her"	"capital"	7	8	3265	"She retired within the walls of <b>her</b> <b>capital</b> , made every preparation for a vigorous resistance , and declared , with the intrepidity of a heroine , that the last moment of her reign and of her life should be the same . "	
23284	"HDFRE"	"Her"	"capital"	1	2	3284	"<b>Her</b> <b>capital</b> soon afterwards surrendered , and was treated with unexpected lenity . "	
20503	"HDFRE"	"his"	"capital"	10	11	503	"Augustus was accustomed to boast that he had found <b>his</b> <b>capital</b> of brick , and that he had left it of marble . "	
22361	"HDFRE"	"his"	"capital"	24	25	2361	"Abgarus , the last king of Edessa , was sent in chains to Rome , his dominions reduced into a province , and <b>his</b> <b>capital</b> dignified with the rank of colony ; and thus the Romans , about ten years before the fall of the Parthian monarchy , obtained a firm and permanent establishment beyond the Euphrates . "	
22803	"HDFRE"	"his"	"capital"	7	8	2803	"When Gallienus received the intelligence that <b>his</b> <b>capital</b> was delivered from the barbarians , he was much less delighted than alarmed with the courage of the senate , since it might one day prompt them to rescue the public from domestic tyranny as well as from foreign invasion . "	
24062	"HDFRE"	"their"	"capital"	13	15	4062	"When the Roman princes had lost sight of the senate and of <b>their</b> ancient <b>capital</b> , they easily forgot the origin and nature of their legal power . "	
10312	"JB"	"wolf"	"cave"	37	39	73	"Directly in front of him , holding on by a low branch , stood a naked brown baby who could just walk -- as soft and as dimpled a little atom as ever came to a <b>wolf</b> 's <b>cave</b> at night . "	
10313	"JB"	"wolf"	"cave"	5	7	1088	"When Mowgli left the <b>wolf</b> 's <b>cave</b> after the fight with the Pack at the Council Rock , he went down to the plowed lands where the villagers lived , but he would not stop there because it was too near to the jungle , and he knew that he had made at least one bad enemy at the Council . "	
10314	"JB"	"Wolf"	"cave"	27	29	1437	"The moon was just going down when Mowgli and the two wolves came to the hill of the Council Rock , and they stopped at Mother <b>Wolf</b> 's <b>cave</b> . "	
5779	"PTB_WSJ"	"his"	"cell"	15	17	11676		
5780	"PTB_WSJ"	"his"	"cell"	16	17	12285		
5781	"PTB_WSJ"	"their"	"cells"	18	19	36360		
21075	"HDFRE"	"his"	"chamber"	29	30	1075	"Commodus retired to sleep ; but whilst he was laboring with the effects of poison and drunkenness , a robust youth , by profession a wrestler , entered <b>his</b> <b>chamber</b> , and strangled him without resistance . "	
24007	"HDFRE"	"its"	"channels"	31	33	4007	"As this was the only article to which he refused his consent , it was no longer insisted on ; and the emperors either suffered the trade to flow in <b>its</b> natural <b>channels</b> , or contented themselves with such restrictions , as it depended on their own authority to establish . "	
5770	"PTB_WSJ"	"our"	"cities"	22	23	1641		
5771	"PTB_WSJ"	"our"	"cities"	8	10	20444		
22021	"HDFRE"	"their"	"cities"	38	39	2021	"These impious orders could not be executed without tumults and massacres , as in many places the people chose rather to die in the defence of their altars , than to behold in the midst of peace <b>their</b> <b>cities</b> exposed to the rapine and cruelty of war . "	
5740	"PTB_WSJ"	"his"	"city"	35	36	30584		
5741	"PTB_WSJ"	"his"	"city"	10	11	33667		
5742	"PTB_WSJ"	"my"	"city"	15	16	32872		
23304	"HDFRE"	"their"	"city"	80	81	3304	"We have a letter of Aurelian himself , in which he acknowledges , that old men , women , children , and peasants , had been involved in that dreadful execution , which should have been confined to armed rebellion ; and although his principal concern seems directed to the reestablishment of a temple of the Sun , he discovers some pity for the remnant of the Palmyrenians , to whom he grants the permission of rebuilding and inhabiting <b>their</b> <b>city</b> . "	
21374	"HDFRE"	"his"	"colonies"	30	31	1374	"The clam of peace and prosperity was once more experienced in the provinces ; and many cities , restored by the munificence of Severus , assumed the title of <b>his</b> <b>colonies</b> , and attested by public monuments their gratitude and felicity . "	
24789	"HDFRE"	"their"	"colonies"	30	31	4789	"By the industry and zeal of the Europeans , it has been widely diffused to the most distant shores of Asia and Africa ; and by the means of <b>their</b> <b>colonies</b> has been firmly established from Canada to Chili , in a world unknown to the ancients . "	
25218	"HDFRE"	"their"	"colonies"	32	33	5218	"The prophetic introduction of the Apocalypse has described and immortalized the seven churches of Asia ; Ephesus , Smyrna , Pergamus , Thyatira , Sardes , Laodicea and Philadelphia ; and <b>their</b> <b>colonies</b> were soon diffused over that populous country . "	
25238	"HDFRE"	"their"	"convents"	57	58	5238	"But the obscure and imperfect origin of the western churches of Europe has been so negligently recorded , that if we would relate the time and manner of their foundation , we must supply the silence of antiquity by those legends which avarice or superstition long afterwards dictated to the monks in the lazy gloom of <b>their</b> <b>convents</b> . "	
23305	"HDFRE"	"their"	"cottages"	16	18	3305	"The present citizens of Palmyra , consisting of thirty or forty families , have erected <b>their</b> mud <b>cottages</b> within the spacious court of a magnificent temple . "	
3833	"PTB_WSJ"	"their"	"countries"	19	20	23718		
21442	"HDFRE"	"enemy"	"country"	14	16	1442	"He immediately passed the walls of Hadrian and Antoninus , and entered the <b>enemy</b> 's <b>country</b> , with a design of completing the long attempted conquest of Britain . "	
21801	"HDFRE"	"enemy"	"country"	17	19	1801	"Ample magazines were formed along the public roads , and as soon as they entered the <b>enemy</b> 's <b>country</b> , a numerous train of mules and camels waited on their haughty laziness . "	
24013	"HDFRE"	"their"	"country"	6	7	4013	"The ten thousand Greeks traversed <b>their</b> <b>country</b> , after a painful march , or rather engagement , of seven days ; and it is confessed by their leader , in his incomparable relation of the retreat , that they suffered more from the arrows of the Carduchians , than from the power of the Great King . "	
23562	"HDFRE"	"their"	"country"	23	25	3562	"Of all the barbarians who abandoned their new settlements , and disturbed the public tranquillity , a very small number returned to <b>their</b> own <b>country</b> . "	
23541	"HDFRE"	"their"	"country"	22	24	3541	"He was fully convinced that nothing could reconcile the minds of the barbarians to peace , unless they experienced , in <b>their</b> own <b>country</b> , the calamities of war . "	
23537	"HDFRE"	"their"	"country"	28	30	3537	"That prudent emperor , unwilling to reduce a brave people to despair , granted them an honorable capitulation , and permitted them to return in safety to <b>their</b> native <b>country</b> . "	
3847	"PTB_WSJ"	"their"	"country"	21	22	33915		
3840	"PTB_WSJ"	"our"	"country"	13	14	10857		
3836	"PTB_WSJ"	"its"	"country"	24	26	5514		
20989	"HDFRE"	"his"	"country"	6	8	989	"He had been sent from <b>his</b> native <b>country</b> to Rome , in the capacity of a slave . "	
							
							
5767	"PTB_WSJ"	"his"	"county"	26	27	29806		
22683	"HDFRE"	"their"	"deserts"	26	27	2683	"The inhabitants consented to ransom their lives and property by the payment of a large sum of money , and the invaders retreated back into <b>their</b> <b>deserts</b> , animated , rather than satisfied , with the first success of their arms against an opulent but feeble country . "	
23457	"HDFRE"	"their"	"deserts"	32	34	3457	"Great numbers of the Alani , appeased by the punctual discharge of the engagements which Aurelian had contracted with them , relinquished their booty and captives , and quietly retreated to <b>their</b> own <b>deserts</b> , beyond the Phasis . "	
23888	"HDFRE"	"their"	"deserts"	9	10	3888	"A confederacy of five Moorish nations issued from <b>their</b> <b>deserts</b> to invade the peaceful provinces . "	
25102	"HDFRE"	"his"	"diocese"	21	23	5102	"The bishops acknowledged the supreme authority which resided in the assembly of their brethren ; but in the government of <b>his</b> peculiar <b>diocese</b> , each of them exacted from his flock the same implicit obedience as if that favorite metaphor had been literally just , and as if the shepherd had been of a more exalted nature than that of his sheep . "	
5772	"PTB_WSJ"	"Alter"	"district"	50	53	17079		
5773	"PTB_WSJ"	"his"	"district"	12	13	9400		
5774	"PTB_WSJ"	"his"	"district"	13	14	13314		
5775	"PTB_WSJ"	"his"	"district"	12	13	33037		
5776	"PTB_WSJ"	"Maloney"	"district"	37	40	17079		
5777	"PTB_WSJ"	"merchants"	"district"	46	48	1201		
5778	"PTB_WSJ"	"their"	"district"	21	22	17080		
22517	"HDFRE"	"their"	"district"	8	9	2517	"The disposal of the landed property within <b>their</b> <b>district</b> was absolutely vested in their hands , and they distributed it every year according to a new division . "	
5768	"PTB_WSJ"	"voter"	"district\/state"	11	14	30116		
22516	"HDFRE"	"their"	"districts"	24	26	2516	"Princes were , however , appointed , in the general assembly , to administer justice , or rather to compose differences , in <b>their</b> respective <b>districts</b> . "	
21160	"HDFRE"	"his"	"dominion"	18	20	1160	"That crafty tyrant , sensible that laws might color , but that arms alone could maintain , <b>his</b> usurped <b>dominion</b> , had gradually formed this powerful body of guards , in constant readiness to protect his person , to awe the senate , and either to prevent or to crush the first motions of rebellion . "	
24350	"HDFRE"	"his"	"dominion"	30	31	4350	"The invader found every place hostile , fortified , and inaccessible ; and though he forced his way as far as Narni , within sixty miles of Rome , <b>his</b> <b>dominion</b> in Italy was confined to the narrow limits of his camp . "	
21412	"HDFRE"	"its"	"dominion"	52	53	1412	"Like most of the Africans , Severus was passionately addicted to the vain studies of magic and divination , deeply versed in the interpretation of dreams and omens , and perfectly acquainted with the science of judicial astrology ; which , in almost every age except the present , has maintained <b>its</b> <b>dominion</b> over the mind of man . "	
20388	"HDFRE"	"his"	"dominions"	35	38	388	"A city of their foundation may still be discovered near Mequinez , the residence of the barbarian whom we condescend to style the Emperor of Morocco ; but it does not appear , that <b>his</b> more southern <b>dominions</b> , Morocco itself , and Segelmessa , were ever comprehended within the Roman province . "	
20877	"HDFRE"	"his"	"dominions"	13	14	877	"The object of his displeasure , escaping from the narrow limits of <b>his</b> <b>dominions</b> , would easily obtain , in a happier climate , a secure refuge , a new fortune adequate to his merit , the freedom of complaint , and perhaps the means of revenge . "	
22275	"HDFRE"	"his"	"dominions"	34	35	2275	"To suppress the idolaters , reunite the schismatics , and confute the unbelievers , by the infallible decision of a general council , the pious Artaxerxes summoned the Magi from all parts of <b>his</b> <b>dominions</b> . "	
22360	"HDFRE"	"his"	"dominions"	16	17	2360	"Abgarus , the last king of Edessa , was sent in chains to Rome , <b>his</b> <b>dominions</b> reduced into a province , and his capital dignified with the rank of colony ; and thus the Romans , about ten years before the fall of the Parthian monarchy , obtained a firm and permanent establishment beyond the Euphrates . "	
22821	"HDFRE"	"his"	"dominions"	34	35	2821	"It subsisted , as an independent state , from the time of the Peloponnesian war , was at last swallowed up by the ambition of Mithridates , and , with the rest of <b>his</b> <b>dominions</b> , sunk under the weight of the Roman arms . "	
23571	"HDFRE"	"his"	"dominions"	24	26	3571	"Notwithstanding the vigilance and activity of Probus , it was almost impossible that he could at once contain in obedience every part of <b>his</b> wide-extended <b>dominions</b> . "	
23834	"HDFRE"	"his"	"dominions"	8	9	3834	"The British emperor defended the frontiers of <b>his</b> <b>dominions</b> against the Caledonians of the North , invited , from the continent , a great number of skilful artists , and displayed , on a variety of coins that are still extant , his taste and opulence . "	
24399	"HDFRE"	"his"	"dominions"	17	18	4399	"But Galerius , who was well acquainted with his character , soon obliged him to leave <b>his</b> <b>dominions</b> , and the last refuge of the disappointed Maximian was the court of his son-in-law Constantine . "	
24528	"HDFRE"	"his"	"dominions"	33	34	4528	"While Constantine signalized his conduct and valor in the field , the sovereign of Italy appeared insensible of the calamities and danger of a civil war which reigned in the heart of <b>his</b> <b>dominions</b> . "	
24668	"HDFRE"	"his"	"dominions"	21	22	4668	"The haughty refusal of Licinius , when he was required to deliver up the criminals who had taken refuge in <b>his</b> <b>dominions</b> , confirmed the suspicions already entertained of his perfidy ; and the indignities offered at ??mona , on the frontiers of Italy , to the statues of Constantine , became the signal of discord between the two princes . "	
24740	"HDFRE"	"rival"	"dominions"	34	36	4740	"It is only surprising that the eastern emperor , who possessed so great a superiority at sea , should have neglected the opportunity of carrying an offensive war into the centre of his <b>rival</b> 's <b>dominions</b> . "	
20152	"HDFRE"	"their"	"dominions"	55	56	152	"The last and longest of these periods includes about six centuries and a half ; from the revival of the Western Empire , till the taking of Constantinople by the Turks , and the extinction of a degenerate race of princes , who continued to assume the titles of C??sar and Augustus , after <b>their</b> <b>dominions</b> were contracted to the limits of a single city ; in which the language , as well as manners , of the ancient Romans , had been long since forgotten . "	
20376	"HDFRE"	"their"	"dominions"	29	30	376	"Under the successors of Alexander , Syria was the seat of the Seleucid?? , who reigned over Upper Asia , till the successful revolt of the Parthians confined <b>their</b> <b>dominions</b> between the Euphrates and the Mediterranean . "	
20499	"HDFRE"	"their"	"dominions"	15	16	499	"The established authority of the emperors pervaded without an effort the wide extent of <b>their</b> <b>dominions</b> , and was exercised with the same facility on the banks of the Thames , or of the Nile , as on those of the Tyber . "	
20508	"HDFRE"	"their"	"dominions"	16	17	508	"But if the emperors were the first , they were not the only architects of <b>their</b> <b>dominions</b> . "	
20569	"HDFRE"	"their"	"dominions"	24	26	569	"The advantage of receiving the earliest intelligence , and of conveying their orders with celerity , induced the emperors to establish , throughout <b>their</b> extensive <b>dominions</b> , the regular institution of posts . "	
21540	"HDFRE"	"their"	"dominions"	10	12	1540	"Augustus , Trajan , Hadrian , and Marcus visited <b>their</b> extensive <b>dominions</b> in person , and their progress was marked by acts of wisdom and beneficence . "	
24003	"HDFRE"	"their"	"dominions"	29	31	4003	"There is no difficulty in conceiving the intention of the Roman princes to improve their revenue by some restraints upon commerce ; but as Nisibis was situated within <b>their</b> own <b>dominions</b> , and as they were masters both of the imports and exports , it should seem that such restraints were the objects of an internal law , rather than of a foreign treaty . "	
24034	"HDFRE"	"their"	"dominions"	28	30	4034	"The emperors , though perhaps of African or Illyrian extraction , respected their adopted country , as the seat of their power , and the centre of <b>their</b> extensive <b>dominions</b> . "	
22451	"HDFRE"	"his"	"dwelling"	17	19	2451	"Their edifices were not even contiguous , or formed into regular villas ; each barbarian fixed <b>his</b> independent <b>dwelling</b> on the spot to which a plain , a wood , or a stream of fresh water , had induced him to give the preference . "	
20205	"HDFRE"	"their"	"empire"	21	22	205	"It is the design of this , and of the two succeeding chapters , to describe the prosperous condition of <b>their</b> <b>empire</b> ; and after wards , from the death of Marcus Antoninus , to deduce the most important circumstances of its decline and fall ; a revolution which will ever be remembered , and is still felt by the nations of the earth . "	
20377	"HDFRE"	"their"	"empire"	15	16	377	"When Syria became subject to the Romans , it formed the eastern frontier of <b>their</b> <b>empire</b> : nor did that province , in its utmost latitude , know any other bounds than the mountains of Cappadocia to the north , and towards the south , the confines of Egypt , and the Red Sea . "	
20468	"HDFRE"	"Their"	"empire"	1	2	468	"<b>Their</b> <b>empire</b> , by the progress of colonies and conquest , had been diffused from the Adriatic to the Euphrates and the Nile . "	
20595	"HDFRE"	"their"	"empire"	9	10	595	"It was diffused over the whole extent of <b>their</b> <b>empire</b> ; the most northern tribes of Britons had acquired a taste for rhetoric ; Homer as well as Virgil were transcribed and studied on the banks of the Rhine and Danube ; and the most liberal rewards sought out the faintest glimmerings of literary merit . "	
20678	"HDFRE"	"their"	"empire"	15	17	678	"It was on the dignity of the senate that Augustus and his successors founded <b>their</b> new <b>empire</b> ; and they affected , on every occasion , to adopt the language and principles of Patricians . "	
21807	"HDFRE"	"their"	"empire"	35	36	1807	"By the most gentle arts he labored to inspire the fierce multitude with a sense of duty , and to restore at least a faint image of that discipline to which the Romans owed <b>their</b> <b>empire</b> over so many other nations , as warlike and more powerful than themselves . "	
22352	"HDFRE"	"their"	"empire"	7	8	2352	"Many ages after the fall of <b>their</b> <b>empire</b> , Seleucia retained the genuine characters of a Grecian colony , arts , military virtue , and the love of freedom . "	
22365	"HDFRE"	"their"	"empire"	44	45	2365	"Cyrus , he alleged , had first subdued , and his successors had for a long time possessed , the whole extent of Asia , as far as the Propontis and the ??gean Sea ; the provinces of Caria and Ionia , under <b>their</b> <b>empire</b> , had been governed by Persian satraps , and all Egypt , to the confines of ??thiopia , had acknowledged their sovereignty . "	
24951	"HDFRE"	"their"	"empire"	17	18	4951	"It might , however , afford some consolation to Roman vanity , that the period of <b>their</b> <b>empire</b> would be that of the world itself ; which , as it had once perished by the element of water , was destined to experience a second and a speedy destruction from the element of fire . "	
23933	"HDFRE"	"their"	"encampment"	33	34	3933	"Armenia was chosen for the place of exile , and a large district was assigned to the Scythian horde , on which they might feed their flocks and herds , and remove <b>their</b> <b>encampment</b> from one place to another , according to the different seasons of the year . "	
22834	"HDFRE"	"their"	"establishment"	31	33	2834	"The robust youth of the sea-coast were chained to the oar ; and the Goths , satisfied with the success of their first naval expedition , returned in triumph to <b>their</b> new <b>establishment</b> in the kingdom of Bosphorus . "	
22488	"HDFRE"	"their"	"forests"	4	6	2488	"The Germans abandoned <b>their</b> immense <b>forests</b> to the exercise of hunting , employed in pasturage the most considerable part of their lands , bestowed on the small remainder a rude and careless cultivation , and then accused the scantiness and sterility of a country that refused to maintain the multitude of its inhabitants . "	
20347	"HDFRE"	"their"	"galleys"	15	16	347	"Experience seems at length to have convinced the ancients , that as soon as <b>their</b> <b>galleys</b> exceeded two , or at the most three ranks of oars , they were suited rather for vain pomp than for real service . "	
3747	"PTB_WSJ"	"his"	"grave"	18	21	17656		
24681	"HDFRE"	"their"	"ground"	15	16	4681	"The troops of Licinius , however , presenting a double front , still maintained <b>their</b> <b>ground</b> , till the approach of night put an end to the combat , and secured their retreat towards the mountains of Macedonia . "	
24897	"HDFRE"	"her"	"habitation"	19	21	4897	"When the bride , struggling with well-affected reluctance , was forced into hymen??al pomp over the threshold of <b>her</b> new <b>habitation</b> , or when the sad procession of the dead slowly moved towards the funeral pile ; the Christian , on these interesting occasions , was compelled to desert the persons who were the dearest to him , rather than contract the guilt inherent to those impious ceremonies . "	
22282	"HDFRE"	"his"	"habitation"	15	17	2282	"The wise benevolence of Ormusd formed man capable of virtue , and abundantly provided <b>his</b> fair <b>habitation</b> with the materials of happiness . "	
24857	"HDFRE"	"their"	"habitation"	4	6	4857	"They still preserved <b>their</b> former <b>habitation</b> of Pella , spread themselves into the villages adjacent to Damascus , and formed an inconsiderable church in the city of Beroea , or , as it is now called , of Aleppo , in Syria . "	
23811	"HDFRE"	"their"	"habitations"	20	22	3811	"A severe retaliation was inflicted on the peasants who were found in arms ; the affrighted remnant returned to <b>their</b> respective <b>habitations</b> , and their unsuccessful effort for freedom served only to confirm their slavery . "	
23902	"HDFRE"	"their"	"habitations"	26	28	3902	"With a view of opposing to the Blemmyes a suitable adversary , Diocletian persuaded the Nobat?? , or people of Nubia , to remove from <b>their</b> ancient <b>habitations</b> in the deserts of Libya , and resigned to them an extensive but unprofitable territory above Syene and the cataracts of the Nile , with the stipulation , that they should ever respect and guard the frontier of the empire . "	
21855	"HDFRE"	"your"	"habitations"	36	38	1855	"The legion still persisted in clamorous sedition , when the emperor pronounced , with a cud voice , the decisive sentence , `` Citizens ! lay down your arms , and depart in peace to <b>your</b> respective <b>habitations</b> . '' "	
23819	"HDFRE"	"their"	"harbors"	7	9	3819	"When the German pirates sailed from <b>their</b> own <b>harbors</b> , he connived at their passage , but he diligently intercepted their return , and appropriated to his own use an ample share of the spoil which they had acquired . "	
24758	"HDFRE"	"their"	"harbors"	28	30	4758	"The engagement lasted two days ; and in the evening of the first , the contending fleets , after a considerable and mutual loss , retired into <b>their</b> respective <b>harbors</b> of Europe and Asia . "	
21031	"HDFRE"	"their"	"haunts"	5	7	1031	"To surprise them in <b>their</b> solitary <b>haunts</b> , and to transport them to Rome , that they might be slain in pomp by the hand of an emperor , was an enterprise equally ridiculous for the prince and oppressive for the people . "	
10289	"PTB_WSJ"	"her"	"hideaway"	24	26	17624		
10290	"PTB_WSJ"	"his"	"hideaway"	23	25	35252		
10335	"JB"	"his"	"hole"	21	22	1625	"Matkah taught him to follow the cod and the halibut along the under-sea banks and wrench the rockling out of <b>his</b> <b>hole</b> among the weeds ; how to skirt the wrecks lying a hundred fathoms below water and dart like a rifle bullet in at one porthole and out at another as the fishes ran ; how to dance on the top of the waves when the lightning was racing all over the sky , and wave his flipper politely to the stumpy-tailed Albatross and the Man-of-war Hawk as they went down the wind ; how to jump three or four feet clear of the water like a dolphin , flippers close to the side and tail curved ; to leave the flying fish alone because they are all bony ; to take the shoulder-piece out of a cod at full speed ten fathoms deep , and never to stop and look at a boat or a ship , but particularly a row-boat "	
10336	"JB"	"its"	"hole"	64	65	2213	"Still , the instant 's delay brought Rikki-tikki up to her , and as she plunged into the rat-hole where she and Nag used to live , his little white teeth were clenched on her tail , and he went down with her -- and very few mongooses , however wise and old they may be , care to follow a cobra into <b>its</b> <b>hole</b> . "	
5791	"PTB_WSJ"	"anyone"	"home"	13	15	21108		
5792	"PTB_WSJ"	"Corp."	"Home"	18	21	16786		
5793	"PTB_WSJ"	"family"	"home"	23	25	4773		
5794	"PTB_WSJ"	"Hammacks"	"home"	2	5	10991		
5795	"PTB_WSJ"	"her"	"home"	14	16	12442		
5796	"PTB_WSJ"	"his"	"home"	24	25	6691		
5797	"PTB_WSJ"	"his"	"home"	43	49	7940		
5798	"PTB_WSJ"	"his"	"home"	13	16	10715		
5799	"PTB_WSJ"	"his"	"home"	23	25	12455		
5800	"PTB_WSJ"	"his"	"home"	7	8	22693		
5801	"PTB_WSJ"	"his"	"home"	7	9	27613		
5802	"PTB_WSJ"	"Marathon"	"home"	23	25	16298		
5803	"PTB_WSJ"	"my"	"home"	17	18	1001		
5804	"PTB_WSJ"	"my"	"home"	27	28	1240		
5805	"PTB_WSJ"	"their"	"home"	18	19	11020		
5806	"PTB_WSJ"	"their"	"home"	42	43	30601		
5807	"PTB_WSJ"	"Whitelock"	"home"	12	14	22686		
5782	"PTB_WSJ"	"employees"	"homes"	38	40	19131		
5783	"PTB_WSJ"	"employees"	"homes"	10	12	19132		
5784	"PTB_WSJ"	"employees"	"homes"	25	27	19133		
5785	"PTB_WSJ"	"people"	"homes"	21	23	33234		
5786	"PTB_WSJ"	"their"	"homes"	20	21	7760		
5787	"PTB_WSJ"	"their"	"homes"	18	20	10769		
5788	"PTB_WSJ"	"their"	"homes"	28	30	10844		
5789	"PTB_WSJ"	"their"	"homes"	18	19	14101		
5790	"PTB_WSJ"	"their"	"homes"	19	20	23868		
5808	"PTB_WSJ"	"Celimene"	"house"	6	8	35064		
5809	"PTB_WSJ"	"chairman"	"house"	33	35	38661		
5810	"PTB_WSJ"	"facility"	"house"	25	28	20991		
5811	"PTB_WSJ"	"Flynn"	"house"	27	29	22582		
5812	"PTB_WSJ"	"Hammacks"	"house"	11	13	11037		
5813	"PTB_WSJ"	"her"	"house"	32	33	853		
5814	"PTB_WSJ"	"her"	"house"	33	34	3822		
5815	"PTB_WSJ"	"his"	"house"	29	30	915		
5816	"PTB_WSJ"	"His"	"house"	1	6	996		
5817	"PTB_WSJ"	"his"	"house"	12	13	23124		
5818	"PTB_WSJ"	"his"	"house"	5	6	27638		
22953	"HDFRE"	"his"	"house"	32	33	2953	"The blood of Numa , through twenty-eight successive generations , ran in the veins of Calphurnius Piso , who , by female alliances , claimed a right of exhibiting , in <b>his</b> <b>house</b> , the images of Crassus and of the great Pompey . "	
5819	"PTB_WSJ"	"my"	"house"	5	6	31511		
5820	"PTB_WSJ"	"my"	"house"	22	23	38635		
5821	"PTB_WSJ"	"Parliament"	"house"	13	16	37016		
5822	"PTB_WSJ"	"son"	"house"	20	23	27629		
5823	"PTB_WSJ"	"Sotheby"	"house"	1	6	38646		
5824	"PTB_WSJ"	"their"	"house"	14	15	3803		
5825	"PTB_WSJ"	"woman"	"house"	15	17	21552		
5826	"PTB_WSJ"	"your"	"house"	5	6	35574		
5827	"PTB_WSJ"	"Street"	"houses"	11	16	18045		
5828	"PTB_WSJ"	"their"	"houses"	13	15	537		
20579	"HDFRE"	"their"	"houses"	8	9	579	"In their dress , their table , <b>their</b> <b>houses</b> , and their furniture , the favorites of fortune united every refinement of conveniency , of elegance , and of splendor , whatever could soothe their pride or gratify their sensuality . "	
23227	"HDFRE"	"his"	"javelin"	7	8	3227	"His nephew M??onius presumed to dart <b>his</b> <b>javelin</b> before that of his uncle ; and though admonished of his error , repeated the same insolence . "	
22717	"HDFRE"	"their"	"javelins"	55	57	2717	"`` Here the fortune of the day turned , and all things became adverse to the Romans ; the place deep with ooze , sinking under those who stood , slippery to such as advanced ; their armor heavy , the waters deep ; nor could they wield , in that uneasy situation , <b>their</b> weighty <b>javelins</b> . "	
22341	"HDFRE"	"His"	"kingdom"	1	2	2341	"<b>His</b> <b>kingdom</b> , nearly equal in extent to modern Persia , was , on every side , bounded by the sea , or by great rivers ; by the Euphrates , the Tigris , the Araxes , the Oxus , and the Indus , by the Caspian Sea , and the Gulf of Persia . "	
20350	"HDFRE"	"whose"	"kingdom"	84	85	350	"If we review this general state of the Imperial forces ; of the cavalry as well as infantry ; of the legions , the auxiliaries , the guards , and the navy ; the most liberal computation will not allow us to fix the entire establishment by sea and by land at more than four hundred and fifty thousand men : a military power , which , however formidable it may seem , was equalled by a monarch of the last century , <b>whose</b> <b>kingdom</b> was confined within a single province of the Roman empire "	
5829	"PTB_WSJ"	"his"	"land"	14	15	17395		
23838	"HDFRE"	"his"	"land"	9	13	3838	"The bravest of their youth he enlisted among <b>his</b> land or sea <b>forces</b> ; and , in return for their useful alliance , he communicated to the barbarians the dangerous knowledge of military and naval arts . "	
5830	"PTB_WSJ"	"its"	"land"	12	14	17357		
5831	"PTB_WSJ"	"my"	"land"	5	7	17403		
5832	"PTB_WSJ"	"our"	"land"	16	17	39184		
22408	"HDFRE"	"king"	"lands"	17	20	2408	"The Persian nobles ( so natural is the idea of feudal tenures ) received from the <b>king</b> 's bounty <b>lands</b> and houses , on the condition of their service in war . "	
22489	"HDFRE"	"their"	"lands"	21	22	2489	"The Germans abandoned their immense forests to the exercise of hunting , employed in pasturage the most considerable part of <b>their</b> <b>lands</b> , bestowed on the small remainder a rude and careless cultivation , and then accused the scantiness and sterility of a country that refused to maintain the multitude of its inhabitants . "	
23883	"HDFRE"	"their"	"lands"	26	27	3883	"Among the provincials , it was a subject of flattering exultation , that the barbarian , so lately an object of terror , now cultivated <b>their</b> <b>lands</b> , drove their cattle to the neighboring fair , and contributed by his labor to the public plenty . "	
24293	"HDFRE"	"their"	"lands"	45	46	4293	"About that time the avarice of Galerius , or perhaps the exigencies of the state , had induced him to make a very strict and rigorous inquisition into the property of his subjects , for the purpose of a general taxation , both on <b>their</b> <b>lands</b> and on their persons . "	
25128	"HDFRE"	"their"	"lands"	50	51	5128	"In the time of the emperor Decius , it was the opinion of the magistrates , that the Christians of Rome were possessed of very considerable wealth ; that vessels of gold and silver were used in their religious worship , and that many among their proselytes had sold <b>their</b> <b>lands</b> and houses to increase the public riches of the sect , at the expense , indeed , of their unfortunate children , who found themselves beggars , because their parents had been saints "	
22321	"HDFRE"	"your"	"lands"	27	28	2321	"To obtain the acceptation of this guide to salvation , you must faithfully pay him tithes of all you possess , of your goods , of <b>your</b> <b>lands</b> , and of your money . "	
3872	"PTB_WSJ"	"its"	"locale"	24	26	26533		
3830	"PTB_WSJ"	"its"	"location"	14	15	33003		
3831	"PTB_WSJ"	"its"	"location"	33	34	33644		
3832	"PTB_WSJ"	"station"	"location"	14	16	22041		
21886	"HDFRE"	"their"	"mines"	26	28	1886	"The discovery of the rich western continent by the Phnicians , and the oppression of the simple natives , who were compelled to labor in <b>their</b> own <b>mines</b> for the benefit of strangers , form an exact type of the more recent history of Spanish America . "	
3864	"PTB_WSJ"	"his"	"Missouri"	24	26	14396		
22775	"HDFRE"	"their"	"morasses"	30	32	2775	"* The present circle of Westphalia , the Landgraviate of Hesse , and the duchies of Brunswick and Luneburg , were the ancient of the Chauci who , in <b>their</b> inaccessible <b>morasses</b> , defied the Roman arms ; of the Cherusci , proud of the fame of Arminius ; of the Catti , formidable by their firm and intrepid infantry ; and of several other tribes of inferior power and renown . "	
23526	"HDFRE"	"their"	"morasses"	7	8	3526	"He drove back the Franks into <b>their</b> <b>morasses</b> ; a descriptive circumstance from whence we may infer , that the confederacy known by the manly appellation of Free , already occupied the flat maritime country , intersected and almost overflown by the stagnating waters of the Rhine , and that several tribes of the Frisians and Batavians had acceded to their alliance . "	
20353	"HDFRE"	"their"	"mountains"	6	7	353	"Confident in the strength of <b>their</b> <b>mountains</b> , they were the last who submitted to the arms of Rome , and the first who threw off the yoke of the Arabs . "	
20367	"HDFRE"	"their"	"mountains"	35	36	367	"The greatest part of the flat country is subject to the elector of Bavaria ; the city of Augsburg is protected by the constitution of the German empire ; the Grisons are safe in <b>their</b> <b>mountains</b> , and the country of Tirol is ranked among the numerous provinces of the house of Austria . "	
22336	"HDFRE"	"their"	"mountains"	6	7	2336	"Even tribes of barbarians in <b>their</b> <b>mountains</b> , and the Greek cities of Upper Asia , within their walls , scarcely acknowledged , or seldom obeyed. any superior ; and the Parthian empire exhibited , under other names , a lively image of the feudal system which has since prevailed in Europe . "	
23518	"HDFRE"	"their"	"mountains"	6	7	3518	"He attacked the Isaurians in <b>their</b> <b>mountains</b> , besieged and took several of their strongest castles , and flattered himself that he had forever suppressed a domestic foe , whose independence so deeply wounded the majesty of the empire . "	
5769	"PTB_WSJ"	"their"	"municipality"	23	24	22570		
5754	"PTB_WSJ"	"our"	"nation"	17	18	27225		
5755	"PTB_WSJ"	"our"	"nation"	29	30	28136		
5756	"PTB_WSJ"	"our"	"nation"	7	9	31107		
5757	"PTB_WSJ"	"their"	"nation"	21	22	6041		
5758	"PTB_WSJ"	"their"	"nation"	5	7	31108		
5759	"PTB_WSJ"	"their"	"nation"	12	14	31144		
5760	"PTB_WSJ"	"their"	"nation"	15	17	31162		
3828	"PTB_WSJ"	"your"	"neighborhood"	7	8	3788		
3829	"PTB_WSJ"	"their"	"neighborhoods"	24	25	33021		
5764	"PTB_WSJ"	"his"	"own"	11	12	23712		
20483	"HDFRE"	"his"	"own"	17	18	483	"It was a maxim of ancient jurisprudence , that a slave had not any country of <b>his</b> <b>own</b> ; he acquired with his liberty an admission into the political society of which his patron was a member . "	
20226	"HDFRE"	"his"	"palace"	10	11	226	"At the very time when Domitian , confined to <b>his</b> <b>palace</b> , felt the terrors which he inspired , his legions , under the command of the virtuous Agricola , defeated the collected force of the Caledonians , at the foot of the Grampian Hills ; and his fleets , venturing to explore an unknown and dangerous navigation , displayed the Roman arms round every part of the island . "	
20263	"HDFRE"	"his"	"palace"	41	42	263	"But the tranquil life of Antoninus Pius was spent in the bosom of Italy , and , during the twenty-three years that he directed the public administration , the longest journeys of that amiable prince extended no farther than from <b>his</b> <b>palace</b> in Rome to the retirement of his Lanuvian villa . "	
21015	"HDFRE"	"his"	"palace"	58	59	1015	"Bathed in tears , and with dishevelled hair , they threw themselves at his feet ; and with all the pressing eloquence of fear , discovered to the affrighted emperor the crimes of the minister , the rage of the people , and the impending ruin , which , in a few minutes , would burst over <b>his</b> <b>palace</b> and person . "	
21036	"HDFRE"	"his"	"palace"	40	41	1036	"Elated with these praises , which gradually extinguished the innate sense of shame , Commodus resolved to exhibit before the eyes of the Roman people those exercises , which till then he had decently confined within the walls of <b>his</b> <b>palace</b> , and to the presence of a few favorites . "	
21047	"HDFRE"	"his"	"palace"	44	46	1047	"It may be easily supposed , that in these engagements the master of the world was always successful ; in the amphitheatre , his victories were not often sanguinary ; but when he exercised his skill in the school of gladiators , or <b>his</b> own <b>palace</b> , his wretched antagonists were frequently honored with a mortal wound from the hand of Commodus , and obliged to seal their flattery with their blood . "	
21784	"HDFRE"	"his"	"palace"	20	21	1784	"The dress of Alexander was plain and modest , his demeanor courteous and affable : at the proper hours <b>his</b> <b>palace</b> was open to all his subjects , but the voice of a crier was heard , as in the Eleusinian mysteries , pronouncing the same salutary admonition : `` Let none enter these holy walls , unless he is conscious of a pure and innocent mind . '' "	
22406	"HDFRE"	"his"	"palace"	20	21	2406	"The most distinguished youth were educated under the monarch 's eye , practised their exercises in the gate of <b>his</b> <b>palace</b> , and were severely trained up to the habits of temperance and obedience , in their long and laborious parties of hunting . "	
24121	"HDFRE"	"his"	"palace"	9	10	4121	"During the whole winter he was confined to <b>his</b> <b>palace</b> : his danger inspired a general and unaffected concern ; but the people could only judge of the various alterations of his health , from the joy or consternation which they discovered in the countenances and behavior of his attendants . "	
24434	"HDFRE"	"his"	"palace"	7	8	4434	"He had no sooner expired in <b>his</b> <b>palace</b> of Nicomedia , than the two emperors who were indebted for their purple to his favors , began to collect their forces , with the intention either of disputing , or of dividing , the dominions which he had left without a master . "	
24470	"HDFRE"	"his"	"palace"	12	13	4470	"Whilst he passed his indolent life either within the walls of <b>his</b> <b>palace</b> , or in the neighboring gardens of Sallust , he was repeatedly heard to declare , that he alone was emperor , and that the other princes were no more than his lieutenants , on whom he had devolved the defence of the frontier provinces , that he might enjoy without interruption the elegant luxury of the capital . "	
3866	"PTB_WSJ"	"her"	"place"	37	39	22256		
20253	"HDFRE"	"his"	"place"	57	58	253	"It was an ancient tradition , that when the Capitol was founded by one of the Roman kings , the god Terminus ( who presided over boundaries , and was represented , according to the fashion of that age , by a large stone ) alone , among all the inferior deities , refused to yield <b>his</b> <b>place</b> to Jupiter himself . "	
21297	"HDFRE"	"his"	"place"	38	39	1297	"Severus pronounced his funeral oration with studied eloquence , inward satisfaction , and well-acted sorrow ; and by this pious regard to his memory , convinced the credulous multitude , that he alone was worthy to supply <b>his</b> <b>place</b> . "	
22213	"HDFRE"	"his"	"place"	44	45	2213	"The life of Misitheus had been spent in the profession of letters , not of arms ; yet such was the versatile genius of that great man , that , when he was appointed Pr??torian Pr??fect , he discharged the military duties of <b>his</b> <b>place</b> with vigor and ability . "	
23413	"HDFRE"	"his"	"place"	24	26	3413	"He had passed two months in the delightful privacy of Bai?? , when he reluctantly obeyed the summons of the consul to resume <b>his</b> honorable <b>place</b> in the senate , and to assist the republic with his counsels on this important occasion . "	
23688	"HDFRE"	"his"	"place"	55	57	3688	"Sixty-four vomitories ( for by that name the doors were very aptly distinguished ) poured forth the immense multitude ; and the entrances , passages , and staircases were contrived with such exquisite skill , that each person , whether of the senatorial , the equestrian , or the plebeian order , arrived at <b>his</b> destined <b>place</b> without trouble or confusion . "	
3867	"PTB_WSJ"	"its"	"place"	3	6	5050		
3868	"PTB_WSJ"	"its"	"place"	7	8	15757		
3869	"PTB_WSJ"	"its"	"place"	17	18	39441		
20003	"HDFRE"	"its"	"place"	50	52	3	", is throughout vigorous , animated , often picturesque always commands attention , always conveys its meaning with emphatic energy , describes with singular breadth and fidelity , and generalizes with unrivalled felicity of expression ; all these high qualifications have secured , and seem likely to secure , <b>its</b> permanent <b>place</b> in historic literature "	
20079	"HDFRE"	"its"	"place"	11	13	79	"The former of these cautions will be briefly suggested in <b>its</b> proper <b>place</b> , but it may be as well to state it , here , somewhat more at length . "	
21369	"HDFRE"	"its"	"place"	36	37	1369	"Their numbers , their wealth , their order , and their security , are the best and only foundations of his real greatness ; and were he totally devoid of virtue , prudence might supply <b>its</b> <b>place</b> , and would dictate the same rule of conduct . "	
3870	"PTB_WSJ"	"Lyonnais"	"place"	23	25	5730		
3871	"PTB_WSJ"	"Rothschilds"	"place"	15	17	10275		
20430	"HDFRE"	"their"	"place"	24	25	430	"The exiles returned , the proselytes multiplied , the temples were restored with increasing splendor , and Isis and Serapis at length assumed <b>their</b> <b>place</b> among the Roman Deities . "	
20917	"HDFRE"	"their"	"place"	17	18	917	"In the tumult of civil discord , the laws of society lose their force , and <b>their</b> <b>place</b> is seldom supplied by those of humanity . "	
22104	"HDFRE"	"their"	"place"	11	12	2104	"Ratify my choice , conscript fathers , or appoint in <b>their</b> <b>place</b> , others more worthy of the empire . '' "	
24054	"HDFRE"	"their"	"place"	22	23	4054	"By the prudent measures of Diocletian , the numbers of the Pr??torians were insensibly reduced , their privileges abolished , and <b>their</b> <b>place</b> supplied by two faithful legions of Illyricum , who , under the new titles of Jovians and Herculians , were appointed to perform the service of the Imperial guards . "	
24221	"HDFRE"	"their"	"place"	21	22	4221	"After the elevation of Constantius and Galerius to the rank of Augusti , two new Csars were required to supply <b>their</b> <b>place</b> , and to complete the system of the Imperial government . "	
20141	"HDFRE"	"their"	"places"	26	28	141	"V. Some few classical works and fragments have come to light , since the appearance of Gibbon 's History , and have been noticed in <b>their</b> respective <b>places</b> ; and much use has been made , in the latter volumes particularly , of the increase to our stores of Oriental literature . "	
21763	"HDFRE"	"their"	"places"	43	44	1763	"As soon as they had purged the city from foreign superstition and luxury , the remains of the capricious tyranny of Elagabalus , they applied themselves to remove his worthless creatures from every department of the public administration , and to supply <b>their</b> <b>places</b> with men of virtue and ability . "	
5745	"PTB_WSJ"	"their"	"premises"	17	18	24318		
21249	"HDFRE"	"His"	"province"	1	2	1249	"<b>His</b> <b>province</b> extended to the Julian Alps , which gave an easy access into Italy ; and he remembered the saying of Augustus , That a Pannonian army might in ten days appear in sight of Rome . "	
24168	"HDFRE"	"his"	"province"	7	9	4168	"Salona , a principal city of <b>his</b> native <b>province</b> of Dalmatia , was near two hundred Roman miles ( according to the measurement of the public highways ) from Aquileia and the confines of Italy , and about two hundred and seventy from Sirmium , the usual residence of the emperors whenever they visited the Illyrian frontier . "	
5753	"PTB_WSJ"	"their"	"province"	38	39	8013		
20785	"HDFRE"	"his"	"provinces"	17	18	785	"He encouraged the arts , reformed the laws , asserted military discipline , and visited all <b>his</b> <b>provinces</b> in person . "	
20345	"HDFRE"	"their"	"provinces"	39	40	345	"To the Romans the ocean remained an object of terror rather than of curiosity ; the whole extent of the Mediterranean , after the destruction of Carthage , and the extirpation of the pirates , was included within <b>their</b> <b>provinces</b> . "	
22178	"HDFRE"	"their"	"provinces"	26	28	2178	"Maximus enforced his exhortations by a liberal donative , purified the camp by a solemn sacrifice of expiation , and then dismissed the legions to <b>their</b> several <b>provinces</b> , impressed , as he hoped , with a lively sense of gratitude and obedience . "	
25233	"HDFRE"	"their"	"provinces"	15	17	5233	"Yet notwithstanding the many favorable occasions which might invite the Roman missionaries to visit <b>their</b> Latin <b>provinces</b> , it was late before they passed either the sea or the Alps ; nor can we discover in those great countries any assured traces either of faith or of persecution that ascend higher than the reign of the Antonines . "	
20329	"HDFRE"	"general"	"quarters"	12	14	329	"In the midst of the camp , the pr??torium , or <b>general</b> 's <b>quarters</b> , rose above the others ; the cavalry , the infantry , and the auxiliaries occupied their respective stations ; the streets were broad and perfectly straight , and a vacant space of two hundred feet was left on all sides between the tents and the rampart . "	
21609	"HDFRE"	"their"	"quarters"	6	7	1609	"In the luxurious idleness of <b>their</b> <b>quarters</b> , the troops viewed their strength and numbers , communicated their complaints , and revolved in their minds the advantages of another revolution . "	
23118	"HDFRE"	"their"	"quarters"	42	43	3118	"Aurelian expected that his soldiers should be modest , frugal , and laborous ; that their armor should be constantly kept bright , their weapons sharp , their clothing and horses ready for immediate service ; that they should live in <b>their</b> <b>quarters</b> with chastity and sobriety , without damaging the cornfields , without stealing even a sheep , a fowl , or a bunch of grapes , without exacting from their landlords , either salt , or oil , or wood . "	
21492	"HDFRE"	"his"	"refuge"	28	30	1492	"As soon as the deed was perpetrated , Caracalla , with hasty steps , and horror in his countenance , ran towards the Pr??torian camp , as <b>his</b> only <b>refuge</b> , and threw himself on the ground before the statues of the tutelar deities . "	
22036	"HDFRE"	"his"	"refuge"	11	13	2036	"Their menaces compelled him to accept the Imperial purple , <b>his</b> only <b>refuge</b> , indeed , against the jealous cruelty of Maximin ; since , according to the reasoning of tyrants , those who have been esteemed worthy of the throne deserve death , and those who deliberate have already rebelled . "	
5743	"PTB_WSJ"	"my"	"region"	2	4	19553		
5744	"PTB_WSJ"	"their"	"regions"	16	17	25653		
3858	"PTB_WSJ"	"her"	"reservation"	21	22	37452		
21481	"HDFRE"	"his"	"residence"	39	40	1481	"It was agreed that Caracalla , as the elder brother should remain in possession of Europe and the western Africa ; and that he should relinquish the sovereignty of Asia and Egypt to Geta , who might fix <b>his</b> <b>residence</b> at Alexandria or Antioch , cities little inferior to Rome itself in wealth and greatness ; that numerous armies should be constantly encamped on either side of the Thracian Bosphorus , to guard the frontiers of the rival monarchies ; and that the senators of European extraction should acknowledge the sovereign of Rome , whilst the natives of Asia followed the emperor of the East "	
22355	"HDFRE"	"his"	"residence"	32	34	2355	"In summer , the monarch of Persia enjoyed at Ecbatana the cool breezes of the mountains of Media ; but the mildness of the climate engaged him to prefer Ctesiphon for <b>his</b> winter <b>residence</b> . "	
23627	"HDFRE"	"his"	"residence"	62	63	3627	"Before his departure for this distant expedition , Carus conferred on his two sons , Carinus and Numerian , the title of C??sar , and investing the former with almost an equal share of the Imperial power , directed the young prince , first to suppress some troubles which had arisen in Gaul , and afterwards to fix the seat of <b>his</b> <b>residence</b> at Rome , and to assume the government of the Western provinces . "	
24298	"HDFRE"	"his"	"residence"	36	38	4298	"Though they had experienced every form of despotism , they had now enjoyed that exemption near five hundred years ; nor could they patiently brook the insolence of an Illyrian peasant , who , from <b>his</b> distant <b>residence</b> in Asia , presumed to number Rome among the tributary cities of his empire . "	
24305	"HDFRE"	"his"	"residence"	37	38	4305	"It was the wish , and it soon became the hope , of every citizen , that after expelling from Italy their foreign tyrants , they should elect a prince who , by the place of <b>his</b> <b>residence</b> , and by his maxims of government , might once more deserve the title of Roman emperor . "	
24594	"HDFRE"	"his"	"residence"	19	20	4594	"Treves , Milan , Aquileia , Sirmium , Naissus , and Thessalonica , were the occasional places of <b>his</b> <b>residence</b> , till he founded a new Rome on the confines of Europe and Asia . "	
25132	"HDFRE"	"his"	"residence"	39	40	5132	"About a hundred years before the reign of Decius , the Roman church had received , in a single donation , the sum of two hundred thousand sesterces from a stranger of Pontus , who proposed to fix <b>his</b> <b>residence</b> in the capital . "	
24036	"HDFRE"	"their"	"residence"	31	33	4036	"The emergencies of war very frequently required their presence on the frontiers ; but Diocletian and Maximian were the first Roman princes who fixed , in time of peace , <b>their</b> ordinary <b>residence</b> in the provinces ; and their conduct , however it might be suggested by private motives , was justified by very specious considerations of policy . "	
24058	"HDFRE"	"their"	"residence"	20	21	4058	"In the armies and in the provinces , they displayed the dignity of monarchs ; and when they fixed <b>their</b> <b>residence</b> at a distance from the capital , they forever laid aside the dissimulation which Augustus had recommended to his successors . "	
22559	"HDFRE"	"whose"	"residence"	30	32	2559	"The unknown symbol of the Earth , covered with a thick veil , was placed on a carriage drawn by cows ; and in this manner the goddess , <b>whose</b> common <b>residence</b> was in the Isles of Rugen , visited several adjacent tribes of her worshippers . "	
24041	"HDFRE"	"their"	"residences"	50	52	4041	"The life of Diocletian and Maximian was a life of action , and a considerable portion of it was spent in camps , or in the long and frequent marches ; but whenever the public business allowed them any relaxation , they seemed to have retired with pleasure to <b>their</b> favorite <b>residences</b> of Nicomedia and Milan . "	
24640	"HDFRE"	"his"	"retirement"	44	45	4640	"Diocletian made several ineffectual efforts to alleviate the misfortunes of his daughter ; and , as the last return that he expected for the Imperial purple , which he had conferred upon Maximin , he entreated that Valeria might be permitted to share <b>his</b> <b>retirement</b> of Salona , and to close the eyes of her afflicted father . "	
21008	"HDFRE"	"emperor"	"retirements"	28	30	1008	"The people quitted their favorite amusements for the more delicious pleasure of revenge , rushed in crowds towards a palace in the suburbs , one of the <b>emperor</b> 's <b>retirements</b> , and demanded , with angry clamors , the head of the public enemy . "	
23441	"HDFRE"	"your"	"retirements"	23	24	3441	"`` Cast away your indolence , '' it is thus that one of the senators addresses his friend , `` emerge from <b>your</b> <b>retirements</b> of Bai?? and Puteoli . "	
22125	"HDFRE"	"their"	"room"	32	33	2125	"The grateful intelligence of the death of the Gordians was quickly followed by the assurance that the senate , laying aside all hopes of pardon or accommodation , had substituted in <b>their</b> <b>room</b> two emperors , with whose merit he could not be unacquainted . "	
21702	"HDFRE"	"his"	"seraglio"	19	20	1702	"The license of an eastern monarch is secluded from the eye of curiosity by the inaccessible walls of <b>his</b> <b>seraglio</b> . "	
22817	"HDFRE"	"their"	"settlement"	5	7	2817	"The Goths , in <b>their</b> new <b>settlement</b> of the Ukraine , soon became masters of the northern coast of the Euxine : to the south of that inland sea were situated the soft and wealthy provinces of Asia Minor , which possessed all that could attract , and nothing that could resist , a barbarian conqueror . "	
22858	"HDFRE"	"their"	"settlements"	33	34	2858	"Great numbers of the Goths , disgusted with the perils and hardships of a tedious voyage , broke into M??sia , with a design of forcing their way over the Danube to <b>their</b> <b>settlements</b> in the Ukraine . "	
23127	"HDFRE"	"their"	"settlements"	50	51	3127	"The troops which guarded the passes of Mount H??mus , and the banks of the Danube , had been drawn away by the apprehension of a civil war ; and it seems probable that the remaining body of the Gothic and Vandalic tribes embraced the favorable opportunity , abandoned <b>their</b> <b>settlements</b> of the Ukraine , traversed the rivers , and swelled with new multitudes the destroying host of their countrymen . "	
23561	"HDFRE"	"their"	"settlements"	7	9	3561	"Of all the barbarians who abandoned <b>their</b> new <b>settlements</b> , and disturbed the public tranquillity , a very small number returned to their own country . "	
5738	"PTB_WSJ"	"their"	"soil"	34	35	587		
22616	"HDFRE"	"their"	"soil"	19	21	2616	"Modern nations are fixed and permanent societies , connected among themselves by laws and government , bound to <b>their</b> native <b>soil</b> by arts and agriculture . "	
3855	"PTB_WSJ"	"Bryant"	"state"	3	5	20623		
3856	"PTB_WSJ"	"Byrd"	"state"	17	19	8304		
3857	"PTB_WSJ"	"Cessna"	"state"	21	24	32053		
3849	"PTB_WSJ"	"his"	"state"	19	20	8307		
3850	"PTB_WSJ"	"his"	"state"	19	20	9384		
3851	"PTB_WSJ"	"his"	"state"	18	19	17488		
3852	"PTB_WSJ"	"his"	"state"	15	16	20625		
3853	"PTB_WSJ"	"his"	"state"	30	31	33946		
3854	"PTB_WSJ"	"its"	"state"	27	29	3969		
5765	"PTB_WSJ"	"their"	"states"	36	38	9383		
20423	"HDFRE"	"their"	"temples"	23	24	423	"Avarice and taste very frequently despoiled the vanquished nations of the elegant statues of their gods , and the rich ornaments of <b>their</b> <b>temples</b> ; but , in the exercise of the religion which they derived from their ancestors , they uniformly experienced the indulgence , and even protection , of the Roman conquerors . "	
25187	"HDFRE"	"their"	"temples"	3	5	5187	"Confined to <b>their</b> respective <b>temples</b> and cities , they remained without any connection of discipline or government ; and whilst they acknowledged the supreme jurisdiction of the senate , of the college of pontiffs , and of the emperor , those civil magistrates contented themselves with the easy task of maintaining in peace and dignity the general worship of mankind . "	
21983	"HDFRE"	"his"	"tent"	12	13	1983	"The son of Mam??a , betrayed and deserted , withdrew into <b>his</b> <b>tent</b> , desirous at least to conceal his approaching fate from the insults of the multitude . "	
22150	"HDFRE"	"his"	"tent"	11	12	2150	"Maximin , abandoned by his guards , was slain in <b>his</b> <b>tent</b> , with his son , ( whom he had associated to the honors of the purple , ) Anulinus the pr??fect , and the principal ministers of his tyranny . "	
23912	"HDFRE"	"his"	"tent"	31	32	3912	"That officer , in the sedition which occasioned the death of Probus , was exposed to the most imminent danger , and the enraged soldiers were forcing their way into <b>his</b> <b>tent</b> , when they were checked by the single arm of the Armenian prince . "	
23972	"HDFRE"	"His"	"tents"	1	3	3972	"<b>His</b> sumptuous <b>tents</b> , and those of his satraps , afforded an immense booty to the conqueror ; and an incident is mentioned , which proves the rustic but martial ignorance of the legions in the elegant superfluities of life . "	
23450	"HDFRE"	"their"	"tents"	30	31	3450	"Whilst the deceased emperor was making preparations for a second expedition into the East , he had negotiated with the Alani , * a Scythian people , who pitched <b>their</b> <b>tents</b> in the neighborhood of the Lake Moeotis . "	
22599	"HDFRE"	"their"	"territories"	10	11	2599	"The most formidable states of Germany affected to encompass <b>their</b> <b>territories</b> with a wide frontier of solitude and devastation . "	
22459	"HDFRE"	"their"	"territory"	74	75	2459	"A small quantity of corn was the only produce exacted from the earth ; the use of orchards or artificial meadows was unknown to the Germans ; nor can we expect any improvements in agriculture from a people , whose prosperity every year experienced a general change by a new division of the arable lands , and who , in that strange operation , avoided disputes , by suffering a great part of <b>their</b> <b>territory</b> to lie waste and without tillage . "	
22995	"HDFRE"	"their"	"territory"	6	7	2995	"The Isaurians , gradually extending <b>their</b> <b>territory</b> to the sea-coast , subdued the western and mountainous part of Cilicia , formerly the nest of those daring pirates , against whom the republic had once been obliged to exert its utmost force , under the conduct of the great Pompey . "	
23546	"HDFRE"	"their"	"territory"	33	34	3546	"A considerable tribute of corn , cattle , and horses , the only wealth of barbarians , was reserved for the use of the garrisons which Probus established on the limits of <b>their</b> <b>territory</b> . "	
3749	"PTB_WSJ"	"Lenin"	"tomb"	3	5	19516		
5739	"PTB_WSJ"	"his"	"town"	26	27	31156		
5752	"PTB_WSJ"	"his"	"Ukraine"	28	30	7795		
5751	"PTB_WSJ"	"Gorbachev"	"Union"	24	27	4989		
5750	"PTB_WSJ"	"My"	"universe"	1	2	12427		
20264	"HDFRE"	"his"	"villa"	49	51	264	"But the tranquil life of Antoninus Pius was spent in the bosom of Italy , and , during the twenty-three years that he directed the public administration , the longest journeys of that amiable prince extended no farther than from his palace in Rome to the retirement of <b>his</b> Lanuvian <b>villa</b> . "	
22041	"HDFRE"	"His"	"villa"	1	2	2041	"<b>His</b> <b>villa</b> on the road to Pr??neste was celebrated for baths of singular beauty and extent , for three stately rooms of a hundred feet in length , and for a magnificent portico , supported by two hundred columns of the four most curious and costly sorts of marble . "	
5762	"PTB_WSJ"	"his"	"village"	13	14	17374		
5763	"PTB_WSJ"	"our"	"village"	4	7	28980		
20531	"HDFRE"	"his"	"villas"	27	29	531	"He was honored with the consulship at Rome : but the greatest part of his life was spent in a philosophic retirement at Athens , and <b>his</b> adjacent <b>villas</b> ; perpetually surrounded by sophists , who acknowledged , without reluctance , the superiority of a rich and generous rival . "	
21833	"HDFRE"	"his"	"villas"	101	102	1833	"Alexander , however , instead of yielding to their seditious clamors , showed a just sense of his merit and services , by appointing him his colleague in the consulship , and defraying from his own treasury the expense of that vain dignity : but as was justly apprehended , that if the soldiers beheld him with the ensigns of his office , they would revenge the insult in his blood , the nominal first magistrate of the state retired , by the emperor 's advice , from the city , and spent the greatest part of his consulship at <b>his</b> <b>villas</b> in Campania "	
23412	"HDFRE"	"his"	"villas"	18	19	3412	"The ungrateful rumor reached his ears , and induced him to seek the retirement of one of <b>his</b> <b>villas</b> in Campania . "	
22810	"HDFRE"	"their"	"villas"	44	45	2810	"The rich and luxurious nobles , sinking into their natural character , accepted , as a favor , this disgraceful exemption from military service ; and as long as they were indulged in the enjoyment of their baths , their theatres , and <b>their</b> <b>villas</b> , they cheerfully resigned the more dangerous cares of empire to the rough hands of peasants and soldiers . "	
							
22495	"HDFRE"	"their"	"woods"	30	31	2495	"But the Germans , who carried with them what they most valued , their arms , their cattle , and their women , cheerfully abandoned the vast silence of <b>their</b> <b>woods</b> for the unbounded hopes of plunder and conquest . "	
21223	"HDFRE"	"his"	"world"	6	8	1223	"Safe in the possession of <b>his</b> little <b>world</b> , and in the command of an army less distinguished indeed for discipline than for numbers and valor , Albinus braved the menaces of Commodus , maintained towards Pertinax a stately ambiguous reserve , and instantly declared against the usurpation of Julian . "	
3865	"PTB_WSJ"	"their"	"world"	12	13	35065		
							
							
							
							
							
8560	"PTB_WSJ"	"their"	"armory"	9	10	33421		
							
10408	"JB"	"their"	"byres"	17	18	1199	"The slaty-blue buffaloes , with their long , backward-sweeping horns and savage eyes , rose out <b>their</b> <b>byres</b> , one by one , and followed him , and Mowgli made it very clear to the children with him that he was the master . "	
							
9158	"PTB_WSJ"	"CenTrust"	"building"	31	34	38663		
9159	"PTB_WSJ"	"company"	"building"	9	13	11522		
9160	"PTB_WSJ"	"company"	"building"	20	24	34231		
9161	"PTB_WSJ"	"fund"	"building"	6	8	24469		
9378	"PTB_WSJ"	"her"	"building"	5	6	23874		
9379	"PTB_WSJ"	"his"	"building"	25	29	29894		
8457	"PTB_WSJ"	"its"	"building"	6	8	4040		
8458	"PTB_WSJ"	"its"	"building"	29	31	18864		
8459	"PTB_WSJ"	"its"	"building"	13	17	28492		
8460	"PTB_WSJ"	"its"	"building"	22	24	30458		
8461	"PTB_WSJ"	"its"	"building"	25	28	34526		
9380	"PTB_WSJ"	"Needham"	"building"	2	5	32965		
9381	"PTB_WSJ"	"Ogilvy"	"building"	27	31	6595		
8462	"PTB_WSJ"	"its"	"buildings"	20	22	32708		
8463	"PTB_WSJ"	"its"	"buildings"	14	15	33676		
8464	"PTB_WSJ"	"its"	"buildings"	25	27	34472		
8465	"PTB_WSJ"	"its"	"buildings"	32	34	34483		
8466	"PTB_WSJ"	"its"	"buildings"	28	31	34538		
8467	"PTB_WSJ"	"its"	"buildings"	36	38	34553		
9382	"PTB_WSJ"	"our"	"buildings"	26	28	24080		
9383	"PTB_WSJ"	"their"	"buildings"	19	20	30457		
							
8336	"PTB_WSJ"	"company"	"factories"	6	8	27342		
8337	"PTB_WSJ"	"his"	"factories"	2	3	1361		
8338	"PTB_WSJ"	"its"	"factories"	23	24	9024		
8339	"PTB_WSJ"	"nation"	"factories"	9	11	36465		
8340	"PTB_WSJ"	"Peck"	"factories"	40	43	7345		
8341	"PTB_WSJ"	"their"	"factories"	27	29	8381		
8342	"PTB_WSJ"	"its"	"factory"	30	35	32989		
							
10216	"PTB_WSJ"	"Moon"	"House"	3	6	1372		
10361	"JB"	"thy"	"house"	5	6	1119	"Take the boy into <b>thy</b> <b>house</b> , my sister , and forget not to honor the priest who sees so far into the lives of men . '' "	
23968	"HDFRE"	"his"	"housing"	26	27	3968	"`` Their horses were tied , and generally shackled , to prevent their running away ; and if an alarm happened , a Persian had <b>his</b> <b>housing</b> to fix , his horse to bridle , and his corselet to put on , before he could mount . '' "	
10362	"JB"	"her"	"hut"	10	11	1122	"The crowd parted as the woman beckoned Mowgli to <b>her</b> <b>hut</b> , where there was a red lacquered bedstead , a great earthen grain chest with funny raised patterns on it , half a dozen copper cooking pots , an image of a Hindu god in a little alcove , and on the wall a real looking glass , such as they sell at the country fairs . "	
10363	"JB"	"men"	"huts"	8	10	283	"`` Go thou down quickly to the <b>men</b> 's <b>huts</b> in the valley , and take some of the Red Flower which they grow there , so that when the time comes thou mayest have even a stronger friend than I or Baloo or those of the Pack that love thee . "	
10364	"JB"	"their"	"huts"	5	6	288	"`` That grows outside <b>their</b> <b>huts</b> in the twilight . "	
							
9220	"PTB_WSJ"	"our"	"jar"	9	11	36382		
9302	"PTB_WSJ"	"Reggie"	"jersey"	9	11	26336		
8886	"PTB_WSJ"	"its"	"jetliners"	23	25	39224		
8887	"PTB_WSJ"	"company"	"jets"	6	10	5336		
9300	"PTB_WSJ"	"your"	"jewelry"	10	11	38711		
9301	"PTB_WSJ"	"their"	"jewels"	10	11	1311		
							
9298	"PTB_WSJ"	"her"	"kitchen"	36	38	3823		
9299	"PTB_WSJ"	"my"	"kitchen"	22	23	31511		
							
1826	"JB"	"his"	"station"	22	23	2497	"At last there was no sound of any more elephants moving in the forest , and Kala Nag rolled out from <b>his</b> <b>station</b> between the trees and went into the middle of the crowd , clucking and gurgling , and all the elephants began to talk in their own tongue , and to move about . "	

