1849	"PTB_WSJ"	"her"	"fear"	4	6	17607		
1850	"PTB_WSJ"	"its"	"fear"	14	15	11210		
1851	"PTB_WSJ"	"Our"	"fear"	2	3	26445		
1852	"PTB_WSJ"	"her"	"fears"	14	15	24242		
1853	"PTB_WSJ"	"my"	"fears"	10	11	32033		
1854	"PTB_WSJ"	"observers"	"fears"	7	9	19603		
1855	"PTB_WSJ"	"voters"	"fears"	9	11	10905		
							
2008	"PTB_WSJ"	"my"	"opinion"	6	7	5184		
2009	"PTB_WSJ"	"My"	"opinion"	2	5	6994		
2010	"PTB_WSJ"	"my"	"opinion"	2	3	10843		
2011	"PTB_WSJ"	"their"	"opinion"	18	20	20397		
2012	"PTB_WSJ"	"Their"	"opinion"	2	3	23096		
2013	"PTB_WSJ"	"your"	"opinion"	3	8	16340		
2014	"PTB_WSJ"	"Asman"	"opinions"	24	26	23484		
2015	"PTB_WSJ"	"people"	"opinions"	13	15	19760		
							
2016	"PTB_WSJ"	"his"	"perception"	17	18	23427		
2017	"PTB_WSJ"	"investors"	"perception"	9	11	33540		
2018	"PTB_WSJ"	"author"	"perceptions"	18	20	24933		
2019	"PTB_WSJ"	"their"	"perceptions"	19	20	27145		
2020	"PTB_WSJ"	"its"	"opinion"	10	12	2857		
2021	"PTB_WSJ"	"Baltimore"	"opinion"	28	32	25297		
2022	"PTB_WSJ"	"his"	"opinion"	27	28	1435		
2023	"PTB_WSJ"	"his"	"opinion"	7	8	35317		
							
2052	"PTB_WSJ"	"Reagan"	"values"	11	14	12879		
							
2127	"PTB_WSJ"	"her"	"intent"	14	15	18019		
2128	"PTB_WSJ"	"Our"	"intent"	2	3	10816		
2129	"PTB_WSJ"	"company"	"intention"	8	10	20876		
2130	"PTB_WSJ"	"his"	"intention"	23	24	1854		
2131	"PTB_WSJ"	"its"	"intention"	19	20	13677		
2132	"PTB_WSJ"	"its"	"intention"	8	9	21279		
2133	"PTB_WSJ"	"its"	"intention"	18	19	37784		
2134	"PTB_WSJ"	"Nashua"	"intention"	4	7	6003		
2135	"PTB_WSJ"	"their"	"intention"	22	24	21651		
2136	"PTB_WSJ"	"Workers"	"intention"	4	6	31148		
2137	"PTB_WSJ"	"affiliates"	"intentions"	12	14	35953		
2138	"PTB_WSJ"	"his"	"intentions"	9	10	3964		
2139	"PTB_WSJ"	"his"	"intentions"	26	27	11876		
2140	"PTB_WSJ"	"his"	"intentions"	21	22	25936		
2141	"PTB_WSJ"	"Icahn"	"intentions"	29	31	16334		
2142	"PTB_WSJ"	"Paribas"	"intentions"	5	7	12044		
2143	"PTB_WSJ"	"people"	"intentions"	23	26	3710		
2144	"PTB_WSJ"	"their"	"intentions"	33	34	8772		
2145	"PTB_WSJ"	"their"	"intentions"	11	12	33926		
2146	"PTB_WSJ"	"your"	"intentions"	18	20	20948		
							
2163	"PTB_WSJ"	"Allen"	"view"	8	11	37454		
2164	"PTB_WSJ"	"boss"	"view"	7	10	19436		
2165	"PTB_WSJ"	"Connolly"	"view"	21	23	9283		
2166	"PTB_WSJ"	"Department"	"view"	3	5	7890		
2167	"PTB_WSJ"	"Her"	"view"	1	2	9298		
2168	"PTB_WSJ"	"her"	"view"	6	8	21584		
2169	"PTB_WSJ"	"his"	"view"	39	40	4741		
2170	"PTB_WSJ"	"his"	"view"	12	13	13717		
2171	"PTB_WSJ"	"its"	"view"	24	26	15887		
2172	"PTB_WSJ"	"makers"	"view"	16	19	13538		
2173	"PTB_WSJ"	"manager"	"view"	12	14	27157		
2174	"PTB_WSJ"	"my"	"view"	15	16	10194		
2175	"PTB_WSJ"	"my"	"view"	28	29	13033		
2176	"PTB_WSJ"	"my"	"view"	32	33	20952		
2177	"PTB_WSJ"	"my"	"view"	3	4	39515		
2178	"PTB_WSJ"	"our"	"view"	20	21	10383		
2179	"PTB_WSJ"	"our"	"view"	10	11	16355		
2180	"PTB_WSJ"	"Our"	"view"	1	2	33039		
2181	"PTB_WSJ"	"Our"	"view"	1	2	38821		
2182	"PTB_WSJ"	"your"	"view"	21	22	7166		
2183	"PTB_WSJ"	"bankers"	"views"	8	10	38969		
2184	"PTB_WSJ"	"Gargan"	"views"	3	5	26587		
2185	"PTB_WSJ"	"his"	"views"	9	10	1907		
2186	"PTB_WSJ"	"his"	"views"	3	4	10430		
2187	"PTB_WSJ"	"his"	"views"	18	19	16197		
2188	"PTB_WSJ"	"his"	"views"	26	27	27863		
2189	"PTB_WSJ"	"its"	"views"	18	20	13889		
2190	"PTB_WSJ"	"its"	"views"	3	5	28506		
2191	"PTB_WSJ"	"my"	"views"	16	17	11226		
2192	"PTB_WSJ"	"others"	"views"	7	9	19532		
2193	"PTB_WSJ"	"Redford"	"views"	11	14	10426		
2194	"PTB_WSJ"	"Thatcher"	"views"	19	21	22069		
2195	"PTB_WSJ"	"their"	"views"	16	17	17089		
2196	"PTB_WSJ"	"their"	"views"	31	32	19820		
2197	"PTB_WSJ"	"Their"	"views"	1	2	29570		
2198	"PTB_WSJ"	"whose"	"views"	14	15	17090		
							
2199	"PTB_WSJ"	"her"	"dream"	5	6	17642		
2200	"PTB_WSJ"	"His"	"dream"	1	3	11674		
2201	"PTB_WSJ"	"his"	"dream"	7	9	28636		
2202	"PTB_WSJ"	"his"	"dreams"	33	34	32822		
							
2203	"PTB_WSJ"	"brokers"	"hope"	2	4	33520		
2204	"PTB_WSJ"	"Fournier"	"hope"	6	9	12041		
2205	"PTB_WSJ"	"its"	"hope"	30	31	3256		
2206	"PTB_WSJ"	"Its"	"hope"	1	3	17174		
2207	"PTB_WSJ"	"Mayor"	"hope"	2	4	106		
2208	"PTB_WSJ"	"our"	"hope"	5	6	26499		
2209	"PTB_WSJ"	"their"	"hope"	19	21	6142		
2210	"PTB_WSJ"	"Their"	"hope"	1	2	18612		
2211	"PTB_WSJ"	"their"	"hope"	13	14	20052		
2212	"PTB_WSJ"	"investors"	"hopes"	6	8	27933		
2213	"PTB_WSJ"	"Michael"	"hopes"	8	10	5173		
2214	"PTB_WSJ"	"My"	"feel"	16	18	37523		
2215	"PTB_WSJ"	"My"	"feeling"	2	3	23814		
2216	"PTB_WSJ"	"My"	"feeling"	2	4	30450		
2217	"PTB_WSJ"	"its"	"feelings"	30	32	38337		
2218	"PTB_WSJ"	"their"	"feelings"	6	9	16184		
2219	"PTB_WSJ"	"Their"	"doubt"	1	3	4344		
2220	"PTB_WSJ"	"His"	"doubts"	1	2	5141		
2221	"PTB_WSJ"	"their"	"doubts"	6	7	38517		
							
2222	"PTB_WSJ"	"David"	"determination"	12	14	10957		
2223	"PTB_WSJ"	"insider"	"determination"	14	16	10959		
2224	"PTB_WSJ"	"their"	"determination"	8	9	36918		
							
2225	"PTB_WSJ"	"companies"	"desire"	27	29	11514		
2226	"PTB_WSJ"	"her"	"desire"	15	16	5595		
2227	"PTB_WSJ"	"industry"	"desire"	9	11	33251		
2228	"PTB_WSJ"	"investors"	"desire"	26	29	26897		
2229	"PTB_WSJ"	"investors"	"desire"	4	6	31039		
2230	"PTB_WSJ"	"Isler"	"desire"	22	24	29804		
2231	"PTB_WSJ"	"its"	"desire"	6	7	9647		
2232	"PTB_WSJ"	"its"	"desire"	20	21	23742		
2233	"PTB_WSJ"	"its"	"desire"	5	6	23807		
2234	"PTB_WSJ"	"our"	"desire"	24	25	19291		
2235	"PTB_WSJ"	"public"	"desire"	13	16	8082		
2236	"PTB_WSJ"	"their"	"desire"	16	17	35620		
2237	"PTB_WSJ"	"Andersson"	"belief"	9	11	25717		
2238	"PTB_WSJ"	"My"	"belief"	2	3	4216		
2239	"PTB_WSJ"	"our"	"belief"	23	24	28398		
2240	"PTB_WSJ"	"their"	"belief"	9	10	30111		
2241	"PTB_WSJ"	"his"	"beliefs"	10	12	33945		
							
21065	"HDFRE"	"his"	"suspicion"	12	14	1065	"History has preserved a long list of consular senators sacrificed to <b>his</b> wanton <b>suspicion</b> , which sought out , with peculiar anxiety , those unfortunate persons connected , however remotely , with the family of the Antonines , without sparing even the ministers of his crimes or pleasures . "	
22064	"HDFRE"	"his"	"suspicions"	29	30	2064	"The hatred of Maximin towards the senate was declared and implacable ; the tamest submission had not appeased his fury , the most cautious innocence would not remove <b>his</b> <b>suspicions</b> ; and even the care of their own safety urged them to share the fortune of an enterprise , of which ( if unsuccessful ) they were sure to be the first victims . "	
24460	"HDFRE"	"his"	"suspicions"	9	11	4460	"The lives of the senators were exposed to <b>his</b> jealous <b>suspicions</b> , the dishonor of their wives and daughters heightened the gratification of his sensual passions . "	
22378	"HDFRE"	"Our"	"suspicious"	1	2	2378	"<b>Our</b> <b>suspicious</b> are confirmed by the authority of a contemporary historian , who mentions the virtues of Alexander with respect , and his faults with candor . "	
							
20753	"HDFRE"	"his"	"hopes"	19	21	753	"Thus Augustus , after all his fairer prospects had been snatched from him by untimely deaths , rested <b>his</b> last <b>hopes</b> on Tiberius , obtained for his adopted son the censorial and tribunitian powers , and dictated a law , by which the future prince was invested with an authority equal to his own , over the provinces and the armies . "	
22001	"HDFRE"	"his"	"hopes"	17	19	2001	"He recollected too the friendship of a few who had relieved his poverty , and assisted <b>his</b> rising <b>hopes</b> . "	
24410	"HDFRE"	"his"	"hopes"	30	31	4410	"Before he could establish his authority , or finish the negotiation which he appears to have entered into with his son Maxentius , the celerity of Constantine defeated all <b>his</b> <b>hopes</b> . "	
24543	"HDFRE"	"his"	"hopes"	26	28	4543	"Constantine had always apprehended that the tyrant would consult the dictates of fear , and perhaps of prudence ; and that , instead of risking <b>his</b> last <b>hopes</b> in a general engagement , he would shut himself up within the walls of Rome . "	
21258	"HDFRE"	"their"	"hopes"	54	55	1258	"During the whole expedition , he scarcely allowed himself any moments for sleep or food ; marching on foot , and in complete armor , at the head of his columns , he insinuated himself into the confidence and affection of his troops , pressed their diligence , revived their spirits , animated <b>their</b> <b>hopes</b> , and was well satisfied to share the hardships of the meanest soldier , whilst he kept in view the infinite superiority of his reward . "	
22029	"HDFRE"	"their"	"hopes"	3	4	2029	"They rested <b>their</b> <b>hopes</b> on the hatred of mankind against Maximin , and they judiciously resolved to oppose to that detested tyrant an emperor whose mild virtues had already acquired the love and esteem of the Romans , and whose authority over the province would give weight and stability to the enterprise . "	
23146	"HDFRE"	"their"	"hopes"	17	18	3146	"The first objects of their avarice were a few cities of the Rh??tian frontier ; but <b>their</b> <b>hopes</b> soon rising with success , the rapid march of the Alemanni traced a line of devastation from the Danube to the Po . "	
23586	"HDFRE"	"their"	"hopes"	7	8	3586	"Their guilt was deeper , and <b>their</b> <b>hopes</b> more sanguine , than those of their experienced leader . "	
24735	"HDFRE"	"their"	"hopes"	23	24	4735	"The legions of Constantine were levied in the warlike provinces of Europe ; action had confirmed their discipline , victory had elevated <b>their</b> <b>hopes</b> , and there were among them a great number of veterans , who , after seventeen glorious campaigns under the same leader , prepared themselves to deserve an honorable dismission by a last effort of their valor . "	
25207	"HDFRE"	"their"	"hopes"	23	24	5207	"Their love of the marvellous and supernatural , their curiosity with regard to future events , and their strong propensity to extend <b>their</b> <b>hopes</b> and fears beyond the limits of the visible world , were the principal causes which favored the establishment of Polytheism . "	
							
21316	"HDFRE"	"his"	"intention"	38	39	1316	"He first marched against Niger , whose reputation and power he the most dreaded : but he declined any hostile declarations , suppressed the name of his antagonist , and only signified to the senate and people <b>his</b> <b>intention</b> of regulating the eastern provinces . "	
23472	"HDFRE"	"his"	"intention"	31	32	3472	"When Tacitus was elected by the senate , he resigned his ample patrimony to the public service ; an act of generosity specious in appearance , but which evidently disclosed <b>his</b> <b>intention</b> of transmitting the empire to his descendants . "	
24089	"HDFRE"	"his"	"intention"	3	4	4089	"It was <b>his</b> <b>intention</b> , that the two elder princes should be distinguished by the use of the diadem , and the title of Augusti ; that , as affection or esteem might direct their choice , they should regularly call to their assistance two subordinate colleagues ; and that the Csars , rising in their turn to the first rank , should supply an uninterrupted succession of emperors . "	
24133	"HDFRE"	"his"	"intention"	20	21	4133	"The emperor ascended a lofty throne , and in a speech , full of reason and dignity , declared <b>his</b> <b>intention</b> , both to the people and to the soldiers who were assembled on this extraordinary occasion . "	
20146	"HDFRE"	"my"	"intention"	4	5	146	"It is not <b>my</b> <b>intention</b> to detain the reader by expatiating on the variety or the importance of the subject , which I have undertaken to treat ; since the merit of the choice would serve to render the weakness of the execution still more apparent , and still less excusable . "	
20159	"HDFRE"	"my"	"intention"	5	6	159	"But it is not <b>my</b> <b>intention</b> to expatiate with the same minuteness on the whole series of the Byzantine history . "	
20171	"HDFRE"	"my"	"intention"	3	5	171	"It was <b>my</b> first <b>intention</b> to have collected , under one view , the numerous authors , of every age and language , from whom I have derived the materials of this history ; and I am still convinced that the apparent ostentation would be more than compensated by real use . "	
24994	"HDFRE"	"my"	"intention"	4	5	4994	"As it is <b>my</b> <b>intention</b> to remark only such human causes as were permitted to second the influence of revelation , I shall slightly mention two motives which might naturally render the lives of the primitive Christians much purer and more austere than those of their Pagan contemporaries , or their degenerate successors ; repentance for their past sins , and the laudable desire of supporting the reputation of the society in which they were engaged . "	
21613	"HDFRE"	"his"	"intentions"	30	32	1613	"The veterans , instead of being flattered by the advantageous distinction , were alarmed by the first steps of the emperor , which they considered as the presage of <b>his</b> future <b>intentions</b> . "	
21867	"HDFRE"	"his"	"intentions"	29	30	1867	"The abilities of that amiable prince seem to have been inadequate to the difficulties of his situation , the firmness of his conduct inferior to the purity of <b>his</b> <b>intentions</b> . "	
24219	"HDFRE"	"his"	"intentions"	6	7	4219	"Whatever might otherwise have been <b>his</b> <b>intentions</b> , if he had apprehended any danger from the violence of Galerius , his good sense would have instructed him to prevent the ignominious contest ; and as he had held the sceptre with glory , he would have resigned it without disgrace . "	
24348	"HDFRE"	"his"	"intentions"	40	41	4348	"At the head of a powerful army , collected from Illyricum and the East , he entered Italy , resolved to revenge the death of Severus , and to chastise the rebellions Romans ; or , as he expressed <b>his</b> <b>intentions</b> , in the furious language of a barbarian , to extirpate the senate , and to destroy the people by the sword . "	
24599	"HDFRE"	"his"	"intentions"	32	34	4599	"By this extraordinary effort of diligence , he arrived with a harassed but formidable army , on the banks of the Thracian Bosphorus before the lieutenants of Licinius were apprised of <b>his</b> hostile <b>intentions</b> . "	
25264	"HDFRE"	"his"	"intentions"	47	49	5264	"His unsuspected testimony may , in this instance , obtain more credit than the bold challenge of Tertullian , when he addresses himself to the fears as well as the humanity of the proconsul of Africa , by assuring him , that if he persists in <b>his</b> cruel <b>intentions</b> , he must decimate Carthage , and that he will find among the guilty many persons of his own rank , senators and matrons of nobles ' extraction , and the friends or relations of his most intimate friends "	
21086	"HDFRE"	"their"	"intentions"	6	7	1086	"During some moments he distrusted <b>their</b> <b>intentions</b> and assurances . "	
22974	"HDFRE"	"their"	"intentions"	9	10	2974	"However virtuous was their character , however pure <b>their</b> <b>intentions</b> , they found themselves reduced to the hard necessity of supporting their usurpation by frequent acts of rapine and cruelty . "	
23601	"HDFRE"	"their"	"intentions"	20	21	3601	"But in the prosecution of a favorite scheme , the best of men , satisfied with the rectitude of <b>their</b> <b>intentions</b> , are subject to forget the bounds of moderation ; nor did Probus himself sufficiently consult the patience and disposition of his fierce legionaries . "	
25155	"HDFRE"	"their"	"intentions"	14	15	5155	"The heretics , indeed , who might be supported by the consciousness of <b>their</b> <b>intentions</b> , and by the flattering hope that they alone had discovered the true path of salvation , endeavored to regain , in their separate assemblies , those comforts , temporal as well as spiritual , which they no longer derived from the great society of Christians . "	
							
23012	"HDFRE"	"their"	"desire"	10	11	3012	"The death of Gallienus was resolved ; and notwithstanding <b>their</b> <b>desire</b> of first terminating the siege of Milan , the extreme danger which accompanied every moment 's delay obliged them to hasten the execution of their daring purpose . "	
23634	"HDFRE"	"their"	"desire"	4	5	3634	"The Persians expressed <b>their</b> <b>desire</b> of being introduced to the presence of the Roman emperor . "	
24263	"HDFRE"	"his"	"desires"	7	8	4263	"The throne was the object of <b>his</b> <b>desires</b> ; and had he been less actuated by ambition , it was his only means of safety . "	
22499	"HDFRE"	"our"	"desires"	8	9	2499	"Their poverty secured their freedom , since <b>our</b> <b>desires</b> and our possessions are the strongest fetters of despotism . "	
23443	"HDFRE"	"our"	"desires"	26	27	3443	"Thanks to the Roman army , to an army truly Roman ; at length we have recovered our just authority , the end of all <b>our</b> <b>desires</b> . "	
							
20134	"HDFRE"	"his"	"opinion"	46	48	134	"Where he has not altogether agreed with him , his respect for the learning and judgment of that writer has , in general , induced him to retain the statement from which he has ventured to differ , with the grounds on which he formed <b>his</b> own <b>opinion</b> . "	
20230	"HDFRE"	"his"	"opinion"	36	37	230	"The conquest of Britain was considered as already achieved ; and it was the design of Agricola to complete and insure his success , by the easy reduction of Ireland , for which , in <b>his</b> <b>opinion</b> , one legion and a few auxiliaries were sufficient . "	
23404	"HDFRE"	"his"	"opinion"	17	18	3404	"The consul , then addressing himself to Tacitus , the first of the senators , required <b>his</b> <b>opinion</b> on the important subject of a proper candidate for the vacant throne . "	
20155	"HDFRE"	"their"	"opinion"	2	4	155	"Perhaps <b>their</b> favorable <b>opinion</b> may encourage me to prosecute a work , which , however laborious it may seem , is the most agreeable occupation of my leisure hours . "	
25037	"HDFRE"	"their"	"opinion"	3	5	5037	"It was <b>their</b> favorite <b>opinion</b> , that if Adam had preserved his obedience to the Creator , he would have lived forever in a state of virgin purity , and that some harmless mode of vegetation might have peopled paradise with a race of innocent and immortal beings . "	
22504	"HDFRE"	"his"	"opinions"	20	22	2504	"To obtain the desired end , it is absolutely necessary that each individual should conceive himself obliged to submit <b>his</b> private <b>opinions</b> and actions to the judgment of the greater number of his associates . "	
24876	"HDFRE"	"their"	"opinions"	42	44	4876	"As the terms of communion were insensibly narrowed , and the spiritual authority of the prevailing party was exercised with increasing severity , many of its most respectable adherents , who were called upon to renounce , were provoked to assert <b>their</b> private <b>opinions</b> , to pursue the consequences of their mistaken principles , and openly to erect the standard of rebellion against the unity of the church . "	
25258	"HDFRE"	"their"	"opinions"	21	22	5258	"`` They presume to alter the Holy Scriptures , to abandon the ancient rule of faith , and to form <b>their</b> <b>opinions</b> according to the subtile precepts of logic . "	
							
23296	"HDFRE"	"her"	"fear"	17	18	3296	"The fame of Longinus , who was included among the numerous and perhaps innocent victims of <b>her</b> <b>fear</b> , will survive that of the queen who betrayed , or the tyrant who condemned him . "	
21797	"HDFRE"	"his"	"fear"	19	20	1797	"In the execution of his design , the emperor affected to display his love , and to conceal <b>his</b> <b>fear</b> of the army . "	
20721	"HDFRE"	"his"	"fears"	17	18	721	"When he framed the artful system of the Imperial authority , his moderation was inspired by <b>his</b> <b>fears</b> . "	
22384	"HDFRE"	"his"	"fears"	16	18	2384	"But the unexperienced youth , influenced by his mother 's counsels , and perhaps by <b>his</b> own <b>fears</b> , deserted the bravest troops , and the fairest prospect of victory ; and after consuming in Mesopotamia an inactive and inglorious summer , he led back to Antioch an army diminished by sickness , and provoked by disappointment . "	
22806	"HDFRE"	"his"	"fears"	2	3	2806	"But <b>his</b> <b>fears</b> were groundless . "	
23367	"HDFRE"	"his"	"fears"	29	30	3367	"The last hope which remained for the criminal , was to involve some of the principal officers of the army in his danger , or at least in <b>his</b> <b>fears</b> . "	
23575	"HDFRE"	"his"	"fears"	37	39	3575	"That general , a man of merit and experience , was driven into rebellion by the absence of his sovereign , the levity of the Alexandrian people , the pressing instances of his friends , and <b>his</b> own <b>fears</b> ; but from the moment of his elevation , he never entertained a hope of empire , or even of life . "	
24334	"HDFRE"	"his"	"fears"	23	24	4334	"The emissaries of Maximian easily persuaded his credulity , that a conspiracy was formed to betray the town , and prevailed upon <b>his</b> <b>fears</b> not to expose himself to the discretion of an irritated conqueror , but to accept the faith of an honorable capitulation . "	
24964	"HDFRE"	"His"	"fears"	1	2	4964	"<b>His</b> <b>fears</b> might assist the progress of his faith and reason ; and if he could once persuade himself to suspect that the Christian religion might possibly be true , it became an easy task to convince him that it was the safest and most prudent party that he could possibly embrace . "	
22553	"HDFRE"	"their"	"fears"	25	26	2553	"The religious system of the Germans ( if the wild opinions of savages can deserve that name ) was dictated by their wants , <b>their</b> <b>fears</b> , and their ignorance . "	
22959	"HDFRE"	"their"	"fears"	26	27	2959	"Yet if we examine with candor the conduct of these usurpers , it will appear , that they were much oftener driven into rebellion by <b>their</b> <b>fears</b> , than urged to it by their ambition . "	
23651	"HDFRE"	"their"	"fears"	10	12	3651	"The ambition of the aspiring generals was checked by <b>their</b> natural <b>fears</b> , and young Numerian , with his absent brother Carinus , were unanimously acknowledged as Roman emperors . "	
24389	"HDFRE"	"their"	"fears"	24	26	4389	"The opposition of interest , and the memory of a recent war , divided the empire into two great hostile powers ; but <b>their</b> mutual <b>fears</b> produced an apparent tranquillity , and even a feigned reconciliation , till the death of the elder princes , of Maximian , and more particularly of Galerius , gave a new direction to the views and passions of their surviving associates . "	
25135	"HDFRE"	"their"	"fears"	78	79	5135	"It had been provided by several laws , which were enacted with the same design as our statutes of mortmain , that no real estates should be given or bequeathed to any corporate body , without either a special privilege or a particular dispensation from the emperor or from the senate ; who were seldom disposed to grant them in favor of a sect , at first the object of their contempt , and at last of <b>their</b> <b>fears</b> and jealousy . "	
22980	"HDFRE"	"my"	"feelings"	15	17	2980	"I write to you with my own hand , and would inspire you with <b>my</b> own <b>feelings</b> . '' "	
20600	"HDFRE"	"their"	"feelings"	31	33	600	"But the provincials of Rome , trained by a uniform artificial foreign education , were engaged in a very unequal competition with those bold ancients , who , by expressing <b>their</b> genuine <b>feelings</b> in their native tongue , had already occupied every place of honor . "	
							
20167	"HDFRE"	"my"	"wish"	19	20	167	"Since the publication of the first volume , twelve years have elapsed ; twelve years , according to <b>my</b> <b>wish</b> , `` of health , of leisure , and of perseverance . '' "	
25245	"HDFRE"	"his"	"wishes"	49	50	5245	"But this splendid exaggeration , which even at present it would be extremely difficult to reconcile with the real state of mankind , can be considered only as the rash sally of a devout but careless writer , the measure of whose belief was regulated by that of <b>his</b> <b>wishes</b> . "	
24366	"HDFRE"	"our"	"wishes"	30	32	4366	"Had they not been restrained by motives of a more interested nature , they would probably have answered Galerius in the words of C??sar 's veterans : `` If <b>our</b> general <b>wishes</b> to lead us to the banks of the Tyber , we are prepared to trace out his camp . "	
							
20282	"HDFRE"	"his"	"will"	11	13	282	"He promised never to desert his standard , to submit <b>his</b> own <b>will</b> to the commands of his leaders , and to sacrifice his life for the safety of the emperor and the empire . "	
21402	"HDFRE"	"his"	"will"	46	48	1402	"The lawyers and historians concurred in teaching , that the Imperial authority was held , not by the delegated commission , but by the irrevocable resignation of the senate ; that the emperor was freed from the restraint of civil laws , could command by <b>his</b> arbitrary <b>will</b> the lives and fortunes of his subjects , and might dispose of the empire as of his private patrimony . "	
20762	"HDFRE"	"their"	"will"	23	24	762	"The rapid downfall of Galba , Otho , and Vitellus , taught the armies to consider the emperors as the creatures of <b>their</b> <b>will</b> , and the instruments of their license . "	
21901	"HDFRE"	"their"	"wills"	29	31	1901	"Such a tax , plentiful as it must prove in every wealthy community , was most happily suited to the situation of the Romans , who could frame <b>their</b> arbitrary <b>wills</b> , according to the dictates of reason or caprice , without any restraint from the modern fetters of entails and settlements . "	
							
22362	"HDFRE"	"his"	"views"	18	19	2362	"Prudence as well as glory might have justified a war on the side of Artaxerxes , had <b>his</b> <b>views</b> been confined to the defence or acquisition of a useful frontier. but the ambitious Persian openly avowed a far more extensive design of conquest ; and he thought himself able to support his lofty pretensions by the arms of reason as well as by those of power . "	
24285	"HDFRE"	"his"	"views"	13	14	4285	"The ambitious spirit of Galerius was scarcely reconciled to the disappointment of <b>his</b> <b>views</b> upon the Gallic provinces , before the unexpected loss of Italy wounded his pride as well as power in a still more sensible part . "	
24425	"HDFRE"	"his"	"views"	14	15	4425	"He survived his retreat from Italy about four years ; and wisely relinquishing <b>his</b> <b>views</b> of universal empire , he devoted the remainder of his life to the enjoyment of pleasure , and to the execution of some works of public utility , among which we may distinguish the discharging into the Danube the superfluous waters of the Lake Pelso , and the cutting down the immense forests that encompassed it ; an operation worthy of a monarch , since it gave an extensive country to the agriculture of his Pannonian subjects "	
							
20102	"HDFRE"	"his"	"imagination"	14	15	102	"Christianity alone receives no embellishment from the magic of Gibbon 's language ; <b>his</b> <b>imagination</b> is dead to its moral dignity ; it is kept down by a general zone of jealous disparagement , or neutralized by a painfully elaborate exposition of its darker and degenerate periods . "	
20114	"HDFRE"	"his"	"imagination"	20	21	114	"The glories of Christianity , in short , touch on no chord in the heart of the writer ; <b>his</b> <b>imagination</b> remains unkindled ; his words , though they maintain their stately and measured march , have become cool , argumentative , and inanimate . "	
22624	"HDFRE"	"our"	"imagination"	17	18	2624	"The irregular divisions , and the restless motions , of the people of Germany , dazzle <b>our</b> <b>imagination</b> , and seem to multiply their numbers . "	
22843	"HDFRE"	"our"	"imagination"	28	30	2843	"When we are informed that the third fleet , equipped by the Goths in the ports of Bosphorus , consisted of five hundred sails of ships , <b>our</b> ready <b>imagination</b> instantly computes and multiplies the formidable armament ; but , as we are assured by the judicious Strabo , that the piratical vessels used by the barbarians of Pontus and the Lesser Scythia , were not capable of containing more than twenty-five or thirty men we may safely affirm , that fifteen thousand warriors , at the most , embarked in this great expedition "	
24256	"HDFRE"	"Our"	"imagination"	1	2	4256	"<b>Our</b> <b>imagination</b> readily transfers the same principles from private property to public dominion : and whenever a virtuous father leaves behind him a son whose merit seems to justify the esteem , or even the hopes , of the people , the joint influence of prejudice and of affection operates with irresistible weight . "	
24985	"HDFRE"	"our"	"imagination"	21	22	4985	"Accustomed long since to observe and to respect the variable order of Nature , our reason , or at least <b>our</b> <b>imagination</b> , is not sufficiently prepared to sustain the visible action of the Deity . "	
24912	"HDFRE"	"their"	"imagination"	50	51	4912	"Yet there were a few sages of Greece and Rome who had conceived a more exalted , and , in some respects , a juster idea of human nature , though it must be confessed , that in the sublime inquiry , their reason had been often guided by <b>their</b> <b>imagination</b> , and that their imagination had been prompted by their vanity . "	
24913	"HDFRE"	"their"	"imagination"	55	56	4913	"Yet there were a few sages of Greece and Rome who had conceived a more exalted , and , in some respects , a juster idea of human nature , though it must be confessed , that in the sublime inquiry , their reason had been often guided by their imagination , and that <b>their</b> <b>imagination</b> had been prompted by their vanity . "	
							
24386	"HDFRE"	"his"	"envy"	32	33	4386	"The news of his promotion was no sooner carried into the East , than Maximin , who governed , or rather oppressed , the countries of Egypt and Syria , betrayed <b>his</b> <b>envy</b> and discontent , disdained the inferior name of C??sar , and , notwithstanding the prayers as well as arguments of Galerius , exacted , almost by violence , the equal title of Augustus . "	
							
24403	"HDFRE"	"his"	"remembrance"	11	12	4403	"But the near prospect of a throne brought back to <b>his</b> <b>remembrance</b> the state from whence he was fallen , and he resolved , by a desperate effort either to reign or to perish . "	
							
23420	"HDFRE"	"his"	"wonder"	21	22	3420	"As soon as the tumult of acclamations subsided , Tacitus attempted to decline the dangerous honor , and to express <b>his</b> <b>wonder</b> , that they should elect his age and infirmities to succeed the martial vigor of Aurelian . "	
							
20127	"HDFRE"	"its"	"want"	17	18	127	"The Christianity of every age may take warning , lest by its own narrow views , <b>its</b> <b>want</b> of wisdom , and its want of charity , it give the same advantage to the future unfriendly historian , and disparage the cause of true religion . "	
20128	"HDFRE"	"its"	"want"	23	24	128	"The Christianity of every age may take warning , lest by its own narrow views , its want of wisdom , and <b>its</b> <b>want</b> of charity , it give the same advantage to the future unfriendly historian , and disparage the cause of true religion . "	
22570	"HDFRE"	"their"	"want"	4	5	2570	"Their climate , <b>their</b> <b>want</b> of learning , of arts , and of laws , their notions of honor , of gallantry , and of religion , their sense of freedom , impatience of peace , and thirst of enterprise , all contributed to form a people of military heroes . "	
22574	"HDFRE"	"their"	"want"	6	7	2574	"Their progress was checked by <b>their</b> <b>want</b> of arms and discipline , and their fury was diverted by the intestine divisions of ancient Germany . "	
22465	"HDFRE"	"our"	"wants"	13	14	2465	"The value of money has been settled by general consent to express <b>our</b> <b>wants</b> and our property , as letters were invented to express our ideas ; and both these institutions , by giving a more active energy to the powers and passions of human nature , have contributed to multiply the objects they were designed to represent . "	
22552	"HDFRE"	"their"	"wants"	22	23	2552	"The religious system of the Germans ( if the wild opinions of savages can deserve that name ) was dictated by <b>their</b> <b>wants</b> , their fears , and their ignorance . "	
							
25203	"HDFRE"	"their"	"vision"	26	28	5203	"But the practice of superstition is so congenial to the multitude , that if they are forcibly awakened , they still regret the loss of <b>their</b> pleasing <b>vision</b> . "	
							
20117	"HDFRE"	"his"	"view"	26	28	117	"Who would obscure one hue of that gorgeous coloring in which Gibbon has invested the dying forms of Paganism , or darken one paragraph in <b>his</b> splendid <b>view</b> of the rise and progress of Mahometanism ? "	
20883	"HDFRE"	"his"	"view"	5	7	883	"Beyond the frontiers , <b>his</b> anxious <b>view</b> could discover nothing , except the ocean , inhospitable deserts , hostile tribes of barbarians , of fierce manners and unknown language , or dependent kings , who would gladly purchase the emperor 's protection by the sacrifice of an obnoxious fugitive . "	
24166	"HDFRE"	"our"	"view"	22	23	4166	"Before we dismiss the consideration of the life and character of Diocletian , we may , for a moment , direct <b>our</b> <b>view</b> to the place of his retirement . "	
20126	"HDFRE"	"its"	"views"	12	15	126	"The Christianity of every age may take warning , lest by <b>its</b> own narrow <b>views</b> , its want of wisdom , and its want of charity , it give the same advantage to the future unfriendly historian , and disparage the cause of true religion . "	
							
21016	"HDFRE"	"his"	"dream"	4	5	1016	"Commodus started from <b>his</b> <b>dream</b> of pleasure , and commanded that the head of Cleander should be thrown out to the people . "	
22854	"HDFRE"	"his"	"dream"	23	24	2854	"The Goths had already advanced within sight of Italy , when the approach of such imminent danger awakened the indolent Gallienus from <b>his</b> <b>dream</b> of pleasure . "	
23445	"HDFRE"	"their"	"dream"	6	7	3445	"Leaving the senators to enjoy <b>their</b> <b>dream</b> of freedom and ambition , Tacitus proceeded to the Thracian camp , and was there , by the Pr??torian pr??fect , presented to the assembled troops , as the prince whom they themselves had demanded , and whom the senate had bestowed . "	
							
20733	"HDFRE"	"his"	"expectation"	16	17	733	"Augustus was sensible that mankind is governed by names ; nor was he deceived in <b>his</b> <b>expectation</b> , that the senate and people would submit to slavery , provided they were respectfully assured that they still enjoyed their ancient freedom . "	
23075	"HDFRE"	"his"	"expectations"	4	6	3075	"The event surpassed <b>his</b> own <b>expectations</b> and those of the world . "	
21884	"HDFRE"	"Their"	"expectations"	1	2	1884	"<b>Their</b> <b>expectations</b> were not disappointed . "	
							
20403	"HDFRE"	"his"	"belief"	31	32	403	"Fear , gratitude , and curiosity , a dream or an omen , a singular disorder , or a distant journey , perpetually disposed him to multiply the articles of <b>his</b> <b>belief</b> , and to enlarge the list of his protectors . "	
24953	"HDFRE"	"his"	"belief"	6	7	4953	"The Christian , who founded <b>his</b> <b>belief</b> much less on the fallacious arguments of reason than on the authority of tradition and the interpretation of Scripture , expected it with terror and confidence as a certain and approaching event ; and as his mind was perpetually filled with the solemn idea , he considered every disaster that happened to the empire as an infallible symptom of an expiring world . "	
25244	"HDFRE"	"whose"	"belief"	42	43	5244	"But this splendid exaggeration , which even at present it would be extremely difficult to reconcile with the real state of mankind , can be considered only as the rash sally of a devout but careless writer , the measure of <b>whose</b> <b>belief</b> was regulated by that of his wishes . "	
							
23609	"HDFRE"	"their"	"grief"	6	7	3609	"When the legions had indulged <b>their</b> <b>grief</b> and repentance for the death of Probus , their unanimous consent declared Carus , his Pr??torian pr??fect , the most deserving of the Imperial throne . "	
24655	"HDFRE"	"their"	"grief"	10	11	4655	"The people gazed on the melancholy spectacle ; but <b>their</b> <b>grief</b> and indignation were suppressed by the terrors of a military guard . "	
21585	"HDFRE"	"whose"	"grief"	39	41	1585	"Adventus , however , the senior pr??fect , conscious of his age and infirmities , of his small reputation , and his smaller abilities , resigned the dangerous honor to the crafty ambition of his colleague Macrinus , <b>whose</b> well-dissembled <b>grief</b> removed all suspicion of his being accessary to his master 's death . "	
							
25256	"HDFRE"	"his"	"attention"	40	41	5256	"Justin Martyr had sought divine knowledge in the schools of Zeno , of Aristotle , of Pythagoras , and of Plato , before he fortunately was accosted by the old man , or rather the angel , who turned <b>his</b> <b>attention</b> to the study of the Jewish prophets . "	
20161	"HDFRE"	"our"	"attention"	24	25	161	"At our entrance into this period , the reign of Justinian , and the conquests of the Mahometans , will deserve and detain <b>our</b> <b>attention</b> , and the last age of Constantinople ( the Crusades and the Turks ) is connected with the revolutions of Modern Europe . "	
20273	"HDFRE"	"our"	"attention"	27	28	273	"The military establishment of the Roman empire , which thus assured either its tranquillity or success , will now become the proper and important object of <b>our</b> <b>attention</b> . "	
20342	"HDFRE"	"our"	"attention"	25	26	342	"As the authors of almost every revolution that distracted the empire , the Pr??torians will , very soon , and very loudly , demand <b>our</b> <b>attention</b> ; but , in their arms and institutions , we can not find any circumstance which discriminated them from the legions , unless it were a more splendid appearance , and a less rigid discipline . "	
20502	"HDFRE"	"our"	"attention"	11	12	502	"Their greatness alone , or their beauty , might deserve <b>our</b> <b>attention</b> : but they are rendered more interesting , by two important circumstances , which connect the agreeable history of the arts with the more useful history of human manners . "	
20545	"HDFRE"	"our"	"attention"	8	10	545	"The last mentioned of those edifices deserve <b>our</b> peculiar <b>attention</b> . "	
21449	"HDFRE"	"our"	"attention"	21	22	1449	"This Caledonian war , neither marked by decisive events , nor attended with any important consequences , would ill deserve <b>our</b> <b>attention</b> ; but it is supposed , not without a considerable degree of probability , that the invasion of Severus is connected with the most shining period of the British history or fable . "	
21880	"HDFRE"	"Our"	"attention"	1	3	1880	"<b>Our</b> constant <b>attention</b> to that great object will not suffer us to overlook a most important edict of Antoninus Caracalla , which communicated to all the free inhabitants of the empire the name and privileges of Roman citizens . "	
22416	"HDFRE"	"our"	"attention"	54	55	2416	"But the warlike Germans , who first resisted , then invaded , and at length overturned the Western monarchy of Rome , will occupy a much more important place in this history , and possess a stronger , and , if we may use the expression , a more domestic , claim to <b>our</b> <b>attention</b> and regard . "	
22067	"HDFRE"	"their"	"attention"	34	35	2067	"As soon as their resolution was decided , they convoked in the temple of Castor the whole body of the senate , according to an ancient form of secrecy , calculated to awaken <b>their</b> <b>attention</b> , and to conceal their decrees . "	
24748	"HDFRE"	"whose"	"attention"	79	80	4748	"The valor and danger of Constantine are attested by a slight wound which he received in the thigh ; but it may be discovered even from an imperfect narration , and perhaps a corrupted text , that the victory was obtained no less by the conduct of the general than by the courage of the hero ; that a body of five thousand archers marched round to occupy a thick wood in the rear of the enemy , <b>whose</b> <b>attention</b> was diverted by the construction of a bridge , and that Licinius , perplexed by so many artful evolutions , was reluctantly drawn from his advantageous post to combat on equal ground on the plain "	
							
21768	"HDFRE"	"his"	"esteem"	9	10	1768	"His unalterable regard for his mother , and <b>his</b> <b>esteem</b> for the wise Ulpian , guarded his unexperienced youth from the poison of flattery . "	
22297	"HDFRE"	"our"	"esteem"	40	41	2297	"Every mode of religion , to make a deep and lasting impression on the human mind , must exercise our obedience , by enjoining practices of devotion , for which we can assign no reason ; and must acquire <b>our</b> <b>esteem</b> , by inculcating moral duties analogous to the dictates of our own hearts . "	
21936	"HDFRE"	"their"	"esteem"	4	5	1936	"Valor will acquire <b>their</b> <b>esteem</b> , and liberality will purchase their suffrage ; but the first of these merits is often lodged in the most savage breasts ; the latter can only exert itself at the expense of the public ; and both may be turned against the possessor of the throne , by the ambition of a daring rival . "	
23447	"HDFRE"	"their"	"esteem"	3	4	3447	"He engaged <b>their</b> <b>esteem</b> by a spirited declaration , that although his age might disable him from the performance of military exploits , his counsels should never be unworthy of a Roman general , the successor of the brave Aurelian . "	
							
22510	"HDFRE"	"their"	"dislike"	46	47	2510	"Barbarians accustomed to place their freedom in gratifying the present passion , and their courage in overlooking all future consequences , turned away with indignant contempt from the remonstrances of justice and policy , and it was the practice to signify by a hollow murmur <b>their</b> <b>dislike</b> of such timid counsels . "	
							
21508	"HDFRE"	"his"	"fancy"	34	36	1508	"Neither business , nor pleasure , nor flattery , could defend Caracalla from the stings of a guilty conscience ; and he confessed , in the anguish of a tortured mind , that <b>his</b> disordered <b>fancy</b> often beheld the angry forms of his father and his brother rising into life , to threaten and upbraid him . "	
							
24742	"HDFRE"	"his"	"apprehension"	46	47	4742	"Instead of embracing such an active resolution , which might have changed the whole face of the war , the prudent Licinius expected the approach of his rival in a camp near Hadrianople , which he had fortified with an anxious care , that betrayed <b>his</b> <b>apprehension</b> of the event . "	
21261	"HDFRE"	"his"	"apprehensions"	8	10	1261	"The hasty arrival of every messenger increased <b>his</b> just <b>apprehensions</b> . "	
22163	"HDFRE"	"His"	"apprehensions"	1	2	2163	"<b>His</b> <b>apprehensions</b> were but too well justified by the event . "	
25152	"HDFRE"	"their"	"apprehensions"	22	23	5152	"The situation of these unfortunate exiles was in itself very painful and melancholy ; but , as it usually happens , <b>their</b> <b>apprehensions</b> far exceeded their sufferings . "	
							
22287	"HDFRE"	"his"	"adoration"	24	26	2287	"Whilst the rest of human kind are led away captives in the chains of their infernal enemy , the faithful Persian alone reserves <b>his</b> religious <b>adoration</b> for his friend and protector Ormusd , and fights under his banner of light , in the full confidence that he shall , in the last day , share the glory of his triumph . "	
25190	"HDFRE"	"their"	"adoration"	25	26	5190	"The accidental circumstances of their life and situation determined the object as well as the degree of their devotion ; and as long as <b>their</b> <b>adoration</b> was successively prostituted to a thousand deities , it was scarcely possible that their hearts could be susceptible of a very sincere or lively passion for any of them . "	
							
20628	"HDFRE"	"his"	"inclination"	11	12	628	"He was now at liberty to satisfy his duty and <b>his</b> <b>inclination</b> . "	
20932	"HDFRE"	"his"	"inclination"	13	15	932	"Commodus listened to the pleasing advice ; but whilst he hesitated between <b>his</b> own <b>inclination</b> and the awe which he still retained for his father 's counsellors , the summer insensibly elapsed , and his triumphal entry into the capital was deferred till the autumn . "	
21781	"HDFRE"	"his"	"inclination"	19	21	1781	"His table was served with the most frugal simplicity , and whenever he was at liberty to consult <b>his</b> own <b>inclination</b> , the company consisted of a few select friends , men of learning and virtue , amongst whom Ulpian was constantly invited . "	
22053	"HDFRE"	"his"	"inclinations"	17	18	2053	"Twenty-two acknowledged concubines , and a library of sixty-two thousand volumes , attested the variety of <b>his</b> <b>inclinations</b> ; and from the productions which he left behind him , it appears that the former as well as the latter were designed for use rather than for ostentation . "	
							
21292	"HDFRE"	"their"	"despair"	25	26	1292	"During the transaction , another detachment had been sent to seize their arms , occupy their camp , and prevent the hasty consequences of <b>their</b> <b>despair</b> . "	
							
2269	"JB"	"his"	"will"	4	5	1137	"`` Give him <b>his</b> <b>will</b> , '' said Messua 's husband . "	
2270	"JB"	"our"	"wills"	20	22	3006	"`` Would it were so in Afghanistan ! '' said the chief , `` for there we obey only <b>our</b> own <b>wills</b> . '' "	
							
2255	"JB"	"his"	"grievances"	16	17	2345	"Little Toomai went off without saying a word , but he told Kala Nag all <b>his</b> <b>grievances</b> while he was examining his feet . "	
							
2156	"PTB_WSJ"	"Brothers"	"aim"	2	4	6262		
2157	"PTB_WSJ"	"his"	"aim"	3	4	24156		
2158	"PTB_WSJ"	"proposal"	"aim"	10	13	12957		
2159	"PTB_WSJ"	"their"	"aims"	45	46	4391		
							
2148	"PTB_WSJ"	"industry"	"dreams"	21	23	24629		
							
2054	"PTB_WSJ"	"his"	"preference"	20	21	1592		
2055	"PTB_WSJ"	"their"	"preference"	14	15	23751		
2056	"PTB_WSJ"	"Berkeley"	"preferences"	10	14	26861		
							
1969	"PTB_WSJ"	"sector"	"obsession"	37	40	11510		
							
1938	"PTB_WSJ"	"their"	"resentment"	31	33	30339		
							
1930	"PTB_WSJ"	"Gelbart"	"sympathies"	7	9	35869		
							
1836	"PTB_WSJ"	"author"	"vision"	10	12	21579		
1837	"PTB_WSJ"	"conference"	"vision"	10	12	20337		
1838	"PTB_WSJ"	"his"	"vision"	19	21	4375		
1839	"PTB_WSJ"	"My"	"vision"	1	2	39522		
1840	"PTB_WSJ"	"Reagan"	"vision"	11	14	37415		
1841	"PTB_WSJ"	"scientists"	"vision"	8	10	19778		
							
23633	"HDFRE"	"their"	"hunger"	17	18	3633	"His ambassadors entered the camp about sunset , at the time when the troops were satisfying <b>their</b> <b>hunger</b> with a frugal repast . "	
							
20975	"HDFRE"	"their"	"grievances"	49	50	975	"These military petitioners , by their own determined behaviour , by inflaming the divisions of the guards , by exaggerating the strength of the British army , and by alarming the fears of Commodus , exacted and obtained the minister 's death , as the only redress of <b>their</b> <b>grievances</b> . "	
22307	"HDFRE"	"their"	"grievances"	9	10	2307	"The monarch accepted their petitions , inquired into <b>their</b> <b>grievances</b> , and conversed with them on the most equal terms . "	
							
21686	"HDFRE"	"his"	"enjoyments"	47	48	1686	"But Elagabalus , ( I speak of the emperor of that name , ) corrupted by his youth , his country , and his fortune , abandoned himself to the grossest pleasures with ungoverned fury , and soon found disgust and satiety in the midst of <b>his</b> <b>enjoyments</b> . "	
							
1981	"PTB_WSJ"	"chairman"	"caution"	3	5	7835		
1982	"PTB_WSJ"	"his"	"caution"	3	4	7822		
							
1894	"PTB_WSJ"	"your"	"misperceptions"	13	16	38394		
							
15342	"PTB_WSJ"	"administration"	"obsession"	28	30	27586		
							
20133	"HDFRE"	"his"	"respect"	10	11	133	"Where he has not altogether agreed with him , <b>his</b> <b>respect</b> for the learning and judgment of that writer has , in general , induced him to retain the statement from which he has ventured to differ , with the grounds on which he formed his own opinion . "	
21755	"HDFRE"	"his"	"respect"	15	16	1755	"Alexander , with her consent , married the daughter of a patrician ; but <b>his</b> <b>respect</b> for his father-in-law , and love for the empress , were inconsistent with the tenderness of interest of Mam??a . "	
21760	"HDFRE"	"his"	"respect"	13	14	1760	"The celebrated Ulpian , equally distinguished by his knowledge of , and <b>his</b> <b>respect</b> for , the laws of Rome , was at their head ; and the prudent firmness of this aristocracy restored order and authority to the government . "	
1974	"PTB_WSJ"	"my"	"respect"	12	14	23484		
							
2067	"PTB_WSJ"	"companies"	"hunger"	22	24	10033		
2068	"PTB_WSJ"	"institutions"	"hunger"	5	7	37543		
							
1999	"PTB_WSJ"	"bank"	"focus"	31	34	35373		
2000	"PTB_WSJ"	"Brothers"	"focus"	18	20	6269		
2001	"PTB_WSJ"	"IMF"	"focus"	27	30	37800		
2002	"PTB_WSJ"	"its"	"focus"	10	12	15844		
2003	"PTB_WSJ"	"its"	"focus"	15	16	25401		
2004	"PTB_WSJ"	"Our"	"focus"	2	4	14654		
2005	"PTB_WSJ"	"Your"	"focus"	1	3	31737		
							
1926	"PTB_WSJ"	"their"	"grievance"	13	15	1770		
							
1942	"PTB_WSJ"	"our"	"resolve"	12	13	24098		
22079	"HDFRE"	"their"	"resolves"	2	3	2079	"Before <b>their</b> <b>resolves</b> had transpired , a qu??stor and some tribunes were commissioned to take his devoted life . "	
22233	"HDFRE"	"their"	"resolves"	25	26	2233	"And although the armies had no regular place or forms of assembly ; though their debates were short , their action sudden , and <b>their</b> <b>resolves</b> seldom the result of cool reflection , did they not dispose , with absolute sway , of the public fortune ? "	
22512	"HDFRE"	"their"	"resolves"	42	44	2512	"For the Germans always met in arms , and it was constantly to be dreaded , lest an irregular multitude , inflamed with faction and strong liquors , should use those arms to enforce , as well as to declare , <b>their</b> furious <b>resolves</b> . "	
							
1966	"PTB_WSJ"	"my"	"regard"	7	8	36277		
24157	"HDFRE"	"our"	"relish"	15	16	4157	"A just estimate of greatness , and the assurance of immortal fame , improve <b>our</b> <b>relish</b> for the pleasures of retirement ; but the Roman emperor had filled too important a character in the world , to enjoy without alloy the comforts and security of a private condition . "	
							
2006	"PTB_WSJ"	"state"	"reason"	8	10	34822		
2007	"PTB_WSJ"	"their"	"reasons"	15	16	20646		
							
1909	"PTB_WSJ"	"youngsters"	"self-esteem"	17	20	20396		
							
20186	"HDFRE"	"my"	"thoughts"	18	21	186	"The motives of action or silence are now equally balanced ; nor can I pronounce , in <b>my</b> most secret <b>thoughts</b> , on which side the scale will preponderate . "	
21934	"HDFRE"	"our"	"thoughts"	16	19	1934	"Satire and declamation may paint these obvious topics in the most dazzling colors , but <b>our</b> more serious <b>thoughts</b> will respect a useful prejudice , that establishes a rule of succession , independent of the passions of mankind ; and we shall cheerfully acquiesce in any expedient which deprives the multitude of the dangerous , and indeed the ideal , power of giving themselves a master . "	
25272	"HDFRE"	"Our"	"thoughts"	1	3	5272	"<b>Our</b> serious <b>thoughts</b> will suggest to us , that the apostles themselves were chosen by Providence among the fishermen of Galilee , and that the lower we depress the temporal condition of the first Christians , the more reason we shall find to admire their merit and success . "	

