732	"PTB_WSJ"	"his"	"chief"	17	18	2725		
22522	"HDFRE"	"their"	"chief"	18	19	2522	"A noble emulation prevailed among the companions , to obtain the first place in the esteem of <b>their</b> <b>chief</b> ; amongst the chiefs , to acquire the greatest number of valiant companions . "	
22529	"HDFRE"	"their"	"chief"	31	32	2529	"In the hour of danger it was shameful for the chief to be surpassed in valor by his companions ; shameful for the companions not to equal the valor of <b>their</b> <b>chief</b> . "	
22538	"HDFRE"	"their"	"chief"	28	29	2538	"Gifts worthy of soldiers -- the warlike steed , the bloody and even victorious lance -- were the rewards which the companions claimed from the liberality of <b>their</b> <b>chief</b> . "	
23202	"HDFRE"	"their"	"chief"	14	15	3202	"The rebel legions , though disordered and dismayed by the unexpected treachery of <b>their</b> <b>chief</b> , defended themselves with desperate valor , till they were cut in pieces almost to a man , in this bloody and memorable battle , which was fought near Chalons in Champagne . "	
23380	"HDFRE"	"their"	"chief"	9	11	3380	"The legions admired , lamented , and revenged <b>their</b> victorious <b>chief</b> . "	
23505	"HDFRE"	"their"	"chief"	24	25	3505	"A decree immediately passed , without a dissenting voice , to ratify the election of the eastern armies , and to confer on <b>their</b> <b>chief</b> all the several branches of the Imperial dignity : the names of C??sar and Augustus , the title of Father of his country , the right of making in the same day three motions in the senate , the office of Pontifex , Maximus , the tribunitian power , and the proconsular command ; a mode of investiture , which , though it seemed to multiply the authority of the emperor , expressed the constitution of the ancient republic "	
22870	"HDFRE"	"their"	"chiefs"	39	40	2870	"We are told , that in the sack of Athens the Goths had collected all the libraries , and were on the point of setting fire to this funeral pile of Grecian learning , had not one of <b>their</b> <b>chiefs</b> , of more refined policy than his brethren , dissuaded them from the design ; by the profound observation , that as long as the Greeks were addicted to the study of books , they would never apply themselves to the exercise of arms . "	
23066	"HDFRE"	"their"	"chiefs"	15	16	3066	"A spirit of discouragement and division arose in the fleet , and some of <b>their</b> <b>chiefs</b> sailed away towards the islands of Crete and Cyprus ; but the main body , pursuing a more steady course , anchored at length near the foot of Mount Athos , and assaulted the city of Thessalonica , the wealthy capital of all the Macedonian provinces . "	
23221	"HDFRE"	"their"	"chiefs"	21	23	3221	"The armies which they commanded , and the provinces which they had saved , acknowledged not any other sovereigns than <b>their</b> invincible <b>chiefs</b> . "	
23536	"HDFRE"	"their"	"chiefs"	17	18	3536	"The Lygii were defeated in a general engagement , and Semno , the most renowned of <b>their</b> <b>chiefs</b> , fell alive into the hands of Probus . "	
24258	"HDFRE"	"their"	"chieftains"	35	37	4258	"The flower of the western armies had followed Constantius into Britain , and the national troops were reenforced by a numerous body of Alemanni , who obeyed the orders of Crocus , one of <b>their</b> hereditary <b>chieftains</b> . "	
500	"PTB_WSJ"	"her"	"boss"	28	29	23275		
501	"PTB_WSJ"	"His"	"boss"	1	2	783		
502	"PTB_WSJ"	"his"	"boss"	6	7	7713		
503	"PTB_WSJ"	"his"	"boss"	19	21	16296		
504	"PTB_WSJ"	"his"	"boss"	15	16	16338		
505	"PTB_WSJ"	"his"	"boss"	36	38	36412		
506	"PTB_WSJ"	"Mancuso"	"boss"	4	6	23136		
507	"PTB_WSJ"	"her"	"bosses"	11	12	30019		
508	"PTB_WSJ"	"his"	"bosses"	35	36	28700		
509	"PTB_WSJ"	"our"	"bosses"	10	11	2026		
511	"PTB_WSJ"	"their"	"bosses"	13	15	16141		
745	"JB"	"his"	"captain"	30	31	3004	"Mule , horse , elephant , or bullock , he obeys his driver , and the driver his sergeant , and the sergeant his lieutenant , and the lieutenant <b>his</b> <b>captain</b> , and the captain his major , and the major his colonel , and the colonel his brigadier commanding three regiments , and the brigadier the general , who obeys the Viceroy , who is the servant of the Empress . "	
746	"JB"	"My"	"captain"	1	3	2827	"<b>My</b> battery <b>captain</b> called me a Pachydermatous Anachronism the other day . '' "	
747	"JB"	"his"	"colonel"	42	43	3004	"Mule , horse , elephant , or bullock , he obeys his driver , and the driver his sergeant , and the sergeant his lieutenant , and the lieutenant his captain , and the captain his major , and the major <b>his</b> <b>colonel</b> , and the colonel his brigadier commanding three regiments , and the brigadier the general , who obeys the Viceroy , who is the servant of the Empress . "	
685	"PTB_WSJ"	"his"	"commander"	43	44	6431		
749	"JB"	"his"	"commander-in-chief"	33	34	2392	"Petersen Sahib had noticed him , and given him money , so he felt as a private soldier would feel if he had been called out of the ranks and praised by <b>his</b> <b>commander-in-chief</b> . "	
686	"PTB_WSJ"	"his"	"commanders"	5	6	20942		
22563	"HDFRE"	"their"	"deities"	9	11	2563	"A brave man was the worthy favorite of <b>their</b> martial <b>deities</b> ; the wretch who had lost his shield was alike banished from the religious and civil assemblies of his countrymen . "	
25183	"HDFRE"	"their"	"deities"	61	63	5183	"In the various religions of Polytheism , some wandering fanatics of Egypt and Syria , who addressed themselves to the credulous superstition of the populace , were perhaps the only order of priests that derived their whole support and credit from their sacerdotal profession , and were very deeply affected by a personal concern for the safety or prosperity of <b>their</b> tutelar <b>deities</b> . "	
25201	"HDFRE"	"their"	"deities"	44	45	5201	"On public occasions the philosophic part of mankind affected to treat with respect and decency the religious institutions of their country ; but their secret contempt penetrated through the thin and awkward disguise ; and even the people , when they discovered that <b>their</b> <b>deities</b> were rejected and derided by those whose rank or understanding they were accustomed to reverence , were filled with doubts and apprehensions concerning the truth of those doctrines , to which they had yielded the most implicit belief "	
22142	"HDFRE"	"their"	"deity"	41	43	2142	"The army of Maximin was repulsed in repeated attacks , his machines destroyed by showers of artificial fire ; and the generous enthusiasm of the Aquileians was exalted into a confidence of success , by the opinion that Belenus , <b>their</b> tutelar <b>deity</b> , combated in person in the defence of his distressed worshippers . "	
21088	"HDFRE"	"his"	"emperor"	5	7	1088	"L??tus conducted without delay <b>his</b> new <b>emperor</b> to the camp of the Pr??torians , diffusing at the same time through the city a seasonable report that Commodus died suddenly of an apoplexy ; and that the virtuous Pertinax had already succeeded to the throne . "	
21133	"HDFRE"	"his"	"emperor"	22	24	1133	"Their discontents were secretly fomented by L??tus , their pr??fect , who found , when it was too late , that <b>his</b> new <b>emperor</b> would reward a servant , but would not be ruled by a favorite . "	
23645	"HDFRE"	"our"	"emperor"	9	11	3645	"`` Carus , '' says he , `` <b>our</b> dearest <b>emperor</b> , was confined by sickness to his bed , when a furious tempest arose in the camp . "	
21125	"HDFRE"	"their"	"emperor"	13	15	1125	"Those who remembered the virtues of Marcus were happy to contemplate in <b>their</b> new <b>emperor</b> the features of that bright original ; and flattered themselves , that they should long enjoy the benign influence of his administration . "	
21250	"HDFRE"	"their"	"emperor"	34	36	1250	"By a celerity proportioned to the greatness of the occasion , he might reasonably hope to revenge Pertinax , punish Julian , and receive the homage of the senate and people , as <b>their</b> lawful <b>emperor</b> , before his competitors , separated from Italy by an immense tract of sea and land , were apprised of his success , or even of his election . "	
21385	"HDFRE"	"their"	"emperor"	6	7	1385	"The Pr??torians , who murdered <b>their</b> <b>emperor</b> and sold the empire , had received the just punishment of their treason ; but the necessary , though dangerous , institution of guards was soon restored on a new model by Severus , and increased to four times the ancient number . "	
22690	"HDFRE"	"their"	"emperor"	18	19	2690	"The camp of the Romans was surprised and pillaged , and , for the first time , <b>their</b> <b>emperor</b> fled in disorder before a troop of half-armed barbarians . "	
23078	"HDFRE"	"their"	"emperor"	11	12	3078	"Their ruin was inevitable , had not the abilities of <b>their</b> <b>emperor</b> prepared a seasonable relief . "	
23222	"HDFRE"	"their"	"emperor"	13	15	3222	"The senate and people of Rome revered a stranger who had avenged <b>their</b> captive <b>emperor</b> , and even the insensible son of Valerian accepted Odenathus for his legitimate colleague . "	
23723	"HDFRE"	"their"	"emperor"	32	34	3723	"They soon announced to the multitude that their choice had fallen on Diocletian , commander of the domestics or body-guards , as the person the most capable of revenging and succeeding <b>their</b> beloved <b>emperor</b> . "	
24262	"HDFRE"	"their"	"emperor"	24	26	4262	"The soldiers were asked , whether they could hesitate a moment between the honor of placing at their head the worthy son of <b>their</b> beloved <b>emperor</b> , and the ignominy of tamely expecting the arrival of some obscure stranger , on whom it might please the sovereign of Asia to bestow the armies and provinces of the West . "	
24465	"HDFRE"	"their"	"emperor"	39	40	4465	"He filled Rome and Italy with armed troops , connived at their tumults , suffered them with impunity to plunder , and even to massacre , the defenceless people ; and indulging them in the same licentiousness which <b>their</b> <b>emperor</b> enjoyed , Maxentius often bestowed on his military favorites the splendid villa , or the beautiful wife , of a senator . "	
24730	"HDFRE"	"Their"	"emperor"	1	2	4730	"<b>Their</b> <b>emperor</b> was satisfied with their martial appearance , and his army contained more soldiers , though fewer men , than that of his eastern competitor . "	
22154	"HDFRE"	"their"	"emperors"	69	71	2154	"The sight of their heads , borne on the point of spears , convinced the citizens of Aquileia that the siege was at an end ; the gates of the city were thrown open , a liberal market was provided for the hungry troops of Maximin , and the whole army joined in solemn protestations of fidelity to the senate and the people of Rome , and to <b>their</b> lawful <b>emperors</b> Maximus and Balbinus . "	
22185	"HDFRE"	"their"	"emperors"	12	13	2185	"Their policy was effectual , but it proved fatal both to <b>their</b> <b>emperors</b> and to themselves . "	
22746	"HDFRE"	"their"	"general"	24	25	2746	"He assured them , that he should resign to their wisdom the civil administration ; and , contenting himself with the quality of <b>their</b> <b>general</b> , would in a short time assert the glory of Rome , and deliver the empire from all the barbarians both of the North and of the East . "	
23454	"HDFRE"	"their"	"general"	25	26	3454	"The legions , who from the opposite shores of the Bosphorus could almost distinguish the flames of the cities and villages , impatiently urged <b>their</b> <b>general</b> to lead them against the invaders . "	
23507	"HDFRE"	"Their"	"general"	1	3	3507	"<b>Their</b> faithful <b>general</b> asserted the honor of the Roman arms , and often laid at their feet crowns of gold and barbaric trophies , the fruits of his numerous victories . "	
24524	"HDFRE"	"Their"	"general"	1	2	4524	"<b>Their</b> <b>general</b> , Pompeianus , was found among the slain ; Verona immediately surrendered at discretion , and the garrison was made prisoners of war . "	
24505	"HDFRE"	"their"	"generals"	21	22	4505	"The aspect of this cavalry was formidable , their weight almost irresistible ; and as , on this occasion , <b>their</b> <b>generals</b> had drawn them up in a compact column or wedge , with a sharp point , and with spreading flanks , they flattered themselves that they could easily break and trample down the army of Constantine . "	
22898	"HDFRE"	"his"	"god"	27	28	2898	"Arrayed in his sacerdotal robes , he appeared at the head of a great body of fanatic peasants , armed only with slings , and defended <b>his</b> <b>god</b> and his property from the sacrilegious hands of the followers of Zoroaster . "	
680	"PTB_WSJ"	"My"	"God"	2	3	1002		
20422	"HDFRE"	"their"	"gods"	15	16	422	"Avarice and taste very frequently despoiled the vanquished nations of the elegant statues of <b>their</b> <b>gods</b> , and the rich ornaments of their temples ; but , in the exercise of the religion which they derived from their ancestors , they uniformly experienced the indulgence , and even protection , of the Roman conquerors . "	
20425	"HDFRE"	"their"	"gods"	28	29	425	"Under the specious pretext of abolishing human sacrifices , the emperors Tiberius and Claudius suppressed the dangerous power of the Druids : but the priests themselves , <b>their</b> <b>gods</b> and their altars , subsisted in peaceful obscurity till the final destruction of Paganism . "	
20827	"HDFRE"	"their"	"gods"	29	31	827	"His memory was revered by a grateful posterity , and above a century after his death , many persons preserved the image of Marcus Antoninus among those of <b>their</b> household <b>gods</b> . "	
751	"JB"	"his"	"lieutenant"	24	25	3004	"Mule , horse , elephant , or bullock , he obeys his driver , and the driver his sergeant , and the sergeant <b>his</b> <b>lieutenant</b> , and the lieutenant his captain , and the captain his major , and the major his colonel , and the colonel his brigadier commanding three regiments , and the brigadier the general , who obeys the Viceroy , who is the servant of the Empress . "	
22909	"HDFRE"	"his"	"lord"	37	38	2909	"`` Who is this Odenathus , '' ( said the haughty victor , and he commanded that the present should be cast into the Euphrates , ) `` that he thus insolently presumes to write to <b>his</b> <b>lord</b> ? "	
24085	"HDFRE"	"his"	"lord"	43	44	4085	"When a subject was at length admitted to the Imperial presence , he was obliged , whatever might be his rank , to fall prostrate on the ground , and to adore , according to the eastern fashion , the divinity of <b>his</b> <b>lord</b> and master . "	
24776	"HDFRE"	"his"	"lord"	20	21	4776	"Licinius solicited and accepted the pardon of his offences , laid himself and his purple at the feet of <b>his</b> <b>lord</b> and master , was raised from the ground with insulting pity , was admitted the same day to the Imperial banquet , and soon afterwards was sent away to Thessalonica , which had been chosen for the place of his confinement . "	
735	"JB"	"My"	"lord"	10	11	90	"Tabaqui , behind him , was squeaking : `` <b>My</b> <b>lord</b> , my lord , it went in here ! '' "	
736	"JB"	"my"	"lord"	13	14	90	"Tabaqui , behind him , was squeaking : `` My lord , <b>my</b> <b>lord</b> , it went in here ! '' "	
737	"JB"	"my"	"lord"	5	6	2525	"`` Kala Nag , <b>my</b> <b>lord</b> , let us keep by Pudmini and go to Petersen Sahib 's camp , or I shall drop from thy neck . '' "	
738	"JB"	"my"	"lord"	16	17	2546	"`` Forty years and five , '' said Machua Appa , `` have I followed <b>my</b> <b>lord</b> , the elephant , but never have I heard that any child of man had seen what this child has seen . "	
24071	"HDFRE"	"our"	"Lord"	20	21	4071	"Their resistance insensibly became more feeble , and the name less odious ; till at length the style of <b>our</b> <b>Lord</b> and Emperor was not only bestowed by flattery , but was regularly admitted into the laws and public monuments . "	
739	"JB"	"my"	"lords"	6	7	2554	"Listen , too , you <b>my</b> <b>lords</b> in the lines there , for I , Machua Appa , am speaking ! "	
740	"JB"	"my"	"lords"	3	4	2561	"Aihai ! <b>my</b> <b>lords</b> in the chains , '' -- he whirled up the line of pickets -- '' here is the little one that has seen your dances in your hidden places , -- the sight that never man saw ! "	
741	"JB"	"my"	"lords"	5	6	2562	"Give him honor , <b>my</b> <b>lords</b> ! "	
742	"JB"	"My"	"lords"	2	3	2633	"`` <b>My</b> <b>lords</b> , '' said the camel humbly , `` we dreamed bad dreams in the night , and we were very much afraid . "	
743	"JB"	"my"	"lords"	23	24	2634	"I am only a baggage camel of the 39th Native Infantry , and I am not as brave as you are , <b>my</b> <b>lords</b> . '' "	
22026	"HDFRE"	"their"	"lords"	35	36	2026	"A respite of three days , obtained with difficulty from the rapacious treasurer , was employed in collecting from their estates a great number of slaves and peasants blindly devoted to the commands of <b>their</b> <b>lords</b> , and armed with the rustic weapons of clubs and axes . "	
753	"JB"	"his"	"major"	36	37	3004	"Mule , horse , elephant , or bullock , he obeys his driver , and the driver his sergeant , and the sergeant his lieutenant , and the lieutenant his captain , and the captain <b>his</b> <b>major</b> , and the major his colonel , and the colonel his brigadier commanding three regiments , and the brigadier the general , who obeys the Viceroy , who is the servant of the Empress . "	
20882	"HDFRE"	"his"	"master"	32	34	882	"On every side he was encompassed with a vast extent of sea and land , which he could never hope to traverse without being discovered , seized , and restored to <b>his</b> irritated <b>master</b> . "	
20990	"HDFRE"	"his"	"master"	14	15	990	"As a slave he entered the Imperial palace , rendered himself useful to <b>his</b> <b>master</b> 's passions , and rapidly ascended to the most exalted station which a subject could enjoy . "	
21587	"HDFRE"	"his"	"master"	50	51	1587	"Adventus , however , the senior pr??fect , conscious of his age and infirmities , of his small reputation , and his smaller abilities , resigned the dangerous honor to the crafty ambition of his colleague Macrinus , whose well-dissembled grief removed all suspicion of his being accessary to <b>his</b> <b>master</b> 's death . "	
21816	"HDFRE"	"his"	"master"	15	16	1816	"He was pursued into the Imperial palace , and massacred at the feet of <b>his</b> <b>master</b> , who vainly strove to cover him with the purple , and to obtain his pardon from the inexorable soldiers . "	
21944	"HDFRE"	"his"	"master"	61	65	1944	"The daring hopes of ambition were set loose from the salutary restraints of law and prejudice ; and the meanest of mankind might , without folly , entertain a hope of being raised by valor and fortune to a rank in the army , in which a single crime would enable him to wrest the sceptre of the world from <b>his</b> feeble and unpopular <b>master</b> . "	
22093	"HDFRE"	"his"	"master"	29	31	2093	"Carthage , destitute of defence , opened her gates to the conqueror , and Africa was exposed to the rapacious cruelty of a slave , obliged to satisfy <b>his</b> unrelenting <b>master</b> with a large account of blood and treasure . "	
22209	"HDFRE"	"his"	"master"	8	9	2209	"The young prince married the daughter of <b>his</b> <b>master</b> of rhetoric , and promoted his father-in-law to the first offices of the empire . "	
22225	"HDFRE"	"his"	"master"	24	26	2225	"But his boldness prompted him to aspire to the throne , and his abilities were employed to supplant , not to serve , <b>his</b> indulgent <b>master</b> . "	
22884	"HDFRE"	"his"	"master"	5	6	2884	"That worthless minister rendered <b>his</b> <b>master</b> formidable only to the oppressed subjects , and contemptible to the enemies of Rome . "	
22895	"HDFRE"	"his"	"master"	11	12	2895	"The Imperial slave was eager to secure the favor of <b>his</b> <b>master</b> by an act of treason to his native country . "	
23368	"HDFRE"	"his"	"master"	3	4	3368	"Artfully counterfeiting <b>his</b> <b>master</b> 's hand , he showed them , in a long and bloody list , their own names devoted to death . "	
23481	"HDFRE"	"his"	"master"	16	17	3481	"Aurelian was indebted for the honest courage with which he often checked the cruelty of <b>his</b> <b>master</b> . "	
23844	"HDFRE"	"his"	"master"	11	12	3844	"By seizing the fleet of Boulogne , Carausius had deprived <b>his</b> <b>master</b> of the means of pursuit and revenge . "	
23930	"HDFRE"	"his"	"master"	6	7	3930	"Having incurred the displeasure of <b>his</b> <b>master</b> , Mamgo , with his followers , retired to the banks of the Oxus , and implored the protection of Sapor . "	
23984	"HDFRE"	"his"	"master"	7	8	3984	"Apharban opened the conference by expressing <b>his</b> <b>master</b> 's gratitude for the generous treatment of his family , and by soliciting the liberty of those illustrious captives . "	
754	"JB"	"his"	"master"	90	91	2280	"He knew what he was talking of ; for he had been born under Kala Nag 's shadow , had played with the end of his trunk before he could walk , had taken him down to water as soon as he could walk , and Kala Nag would no more have dreamed of disobeying his shrill little orders than he would have dreamed of killing him on that day when Big Toomai carried the little brown baby under Kala Nag 's tusks , and told him to salute <b>his</b> <b>master</b> that was to be . "	
7318	"PTB_WSJ"	"his"	"master"	13	15	39177		
24584	"HDFRE"	"its"	"master"	40	42	4584	"By suppressing the troops which were usually stationed in Rome , Constantine gave the fatal blow to the dignity of the senate and people , and the disarmed capital was exposed without protection to the insults or neglect of <b>its</b> distant <b>master</b> . "	
20832	"HDFRE"	"their"	"master"	46	47	832	"The military force was a blind and irresistible instrument of oppression ; and the corruption of Roman manners would always supply flatterers eager to applaud , and ministers prepared to serve , the fear or the avarice , the lust or the cruelty , of <b>their</b> <b>master</b> . "	
21029	"HDFRE"	"their"	"master"	9	10	1029	"The servile crowd , whose fortune depended on <b>their</b> <b>master</b> 's vices , applauded these ignoble pursuits . "	
21077	"HDFRE"	"their"	"master"	50	51	1077	"Such was the fate of the son of Marcus , and so easy was it to destroy a hated tyrant , who , by the artificial powers of government , had oppressed , during thirteen years , so many millions of subjects , each of whom was equal to <b>their</b> <b>master</b> in personal strength and personal abilities . "	
21084	"HDFRE"	"their"	"master"	55	56	1084	"He now remained almost alone of the friends and ministers of Marcus ; and when , at a late hour of the night , he was awakened with the news , that the chamberlain and the pr??fect were at his door , he received them with intrepid resignation , and desired they would execute <b>their</b> <b>master</b> 's orders . "	
21118	"HDFRE"	"their"	"master"	21	22	1118	"Among these consolations , one of the most grateful was the punishment of the Delators ; the common enemies of <b>their</b> <b>master</b> , of virtue , and of their country . "	
21467	"HDFRE"	"their"	"master"	37	39	1467	"The salutary advice never reached the heart , or even the understanding , of the impetuous youths ; but the more obedient troops , mindful of their oath of allegiance , and of the authority of <b>their</b> deceased <b>master</b> , resisted the solicitations of Caracalla , and proclaimed both brothers emperors of Rome . "	
22373	"HDFRE"	"their"	"master"	39	40	2373	"This haughty mandate was delivered by four hundred of the tallest and most beautiful of the Persians ; who , by their fine horses , splendid arms , and rich apparel , displayed the pride and greatness of <b>their</b> <b>master</b> . "	
22629	"HDFRE"	"their"	"master"	47	48	2629	"There is not , for instance , any difficulty in conceiving , that the successive murders of so many emperors had loosened all the ties of allegiance between the prince and people ; that all the generals of Philip were disposed to imitate the example of <b>their</b> <b>master</b> ; and that the caprice of armies , long since habituated to frequent and violent revolutions , might every day raise to the throne the most obscure of their fellow-soldiers . "	
23638	"HDFRE"	"their"	"master"	22	23	3638	"Carus , taking off a cap which he wore to conceal his baldness , assured the ambassadors , that , unless <b>their</b> <b>master</b> acknowledged the superiority of Rome , he would speedily render Persia as naked of trees as his own head was destitute of hair . "	
24525	"HDFRE"	"their"	"master"	9	10	4525	"When the officers of the victorious army congratulated <b>their</b> <b>master</b> on this important success , they ventured to add some respectful complaints , of such a nature , however , as the most jealous monarchs will listen to without displeasure . "	
25002	"HDFRE"	"their"	"Master"	5	7	5002	"After the example of <b>their</b> divine <b>Master</b> , the missionaries of the gospel disdained not the society of men , and especially of women , oppressed by the consciousness , and very often by the effects , of their vices . "	
24686	"HDFRE"	"his"	"masters"	84	85	4686	"His ambassador Mistrianus was admitted to the audience of Constantine : he expatiated on the common topics of moderation and humanity , which are so familiar to the eloquence of the vanquished ; represented in the most insinuating language , that the event of the war was still doubtful , whilst its inevitable calamities were alike pernicious to both the contending parties ; and declared that he was authorized to propose a lasting and honorable peace in the name of the two emperors <b>his</b> <b>masters</b> "	
728	"PTB_WSJ"	"its"	"masters"	27	28	31978		
755	"JB"	"our"	"masters"	13	12	2750	"`` They teach us in riding school to lie down and <b>let</b> <b>our</b> masters fire across us , but Dick Cunliffe is the only man I 'd trust to do that . "	
21165	"HDFRE"	"their"	"masters"	40	41	1165	"By thus introducing the Pr??torian guards as it were into the palace and the senate , the emperors taught them to perceive their own strength , and the weakness of the civil government ; to view the vices of <b>their</b> <b>masters</b> with familiar contempt , and to lay aside that reverential awe , which distance only , and mystery , can preserve towards an imaginary power . "	
23806	"HDFRE"	"their"	"masters"	40	41	3806	"During the long series of troubles which agitated Gaul , from the reign of Gallienus to that of Diocletian , the condition of these servile peasants was peculiarly miserable ; and they experienced at once the complicated tyranny of <b>their</b> <b>masters</b> , of the barbarians , of the soldiers , and of the officers of the revenue . "	
23886	"HDFRE"	"their"	"masters"	3	4	3886	"They congratulated <b>their</b> <b>masters</b> on the powerful accession of subjects and soldiers ; but they forgot to observe , that multitudes of secret enemies , insolent from favor , or desperate from oppression , were introduced into the heart of the empire . "	
750	"JB"	"his"	"sergeant"	18	19	3004	"Mule , horse , elephant , or bullock , he obeys his driver , and the driver <b>his</b> <b>sergeant</b> , and the sergeant his lieutenant , and the lieutenant his captain , and the captain his major , and the major his colonel , and the colonel his brigadier commanding three regiments , and the brigadier the general , who obeys the Viceroy , who is the servant of the Empress . "	
22929	"HDFRE"	"her"	"sovereign"	7	8	2929	"Whilst Rome lamented the fate of <b>her</b> <b>sovereign</b> , the savage coldness of his son was extolled by the servile courtiers as the perfect firmness of a hero and a stoic . "	
24473	"HDFRE"	"her"	"sovereign"	24	25	4473	"Rome , which had so long regretted the absence , lamented , during the six years of his reign , the presence of <b>her</b> <b>sovereign</b> . "	
20808	"HDFRE"	"his"	"sovereign"	24	25	808	"Marcus , on the other hand , revered the character of his benefactor , loved him as a parent , obeyed him as <b>his</b> <b>sovereign</b> , and , after he was no more , regulated his own administration by the example and maxims of his predecessor . "	
22208	"HDFRE"	"his"	"sovereign"	34	35	2208	"We are ignorant by what fortunate accident the emperor escaped from this ignominious slavery , and devolved his confidence on a minister , whose wise counsels had no object except the glory of <b>his</b> <b>sovereign</b> and the happiness of the people . "	
22706	"HDFRE"	"his"	"sovereign"	23	24	2706	"A magistrate , invested with such extensive powers , would have appeared not so much the minister , as the colleague of <b>his</b> <b>sovereign</b> . "	
22751	"HDFRE"	"his"	"sovereign"	18	19	2751	"Valerian executed that commission with zeal and fidelity ; and as he arrived too late to save <b>his</b> <b>sovereign</b> , he resolved to revenge him . "	
23573	"HDFRE"	"his"	"sovereign"	19	20	3573	"That general , a man of merit and experience , was driven into rebellion by the absence of <b>his</b> <b>sovereign</b> , the levity of the Alexandrian people , the pressing instances of his friends , and his own fears ; but from the moment of his elevation , he never entertained a hope of empire , or even of life . "	
23829	"HDFRE"	"his"	"sovereign"	49	51	3829	"From the port of Boulogne he sailed over to Britain , persuaded the legion , and the auxiliaries which guarded that island , to embrace his party , and boldly assuming , with the Imperial purple , the title of Augustus defied the justice and the arms of <b>his</b> injured <b>sovereign</b> . "	
23287	"HDFRE"	"my"	"sovereign"	9	10	3287	"You alone I acknowledge as my conqueror and <b>my</b> <b>sovereign</b> . '' "	
23415	"HDFRE"	"our"	"sovereign"	14	15	3415	"`` Tacitus Augustus , the gods preserve thee ! we choose thee for <b>our</b> <b>sovereign</b> ; to thy care we intrust the republic and the world . "	
20592	"HDFRE"	"their"	"sovereign"	10	11	592	"They received laws and governors from the will of <b>their</b> <b>sovereign</b> , and trusted for their defence to a mercenary army . "	
21040	"HDFRE"	"their"	"sovereign"	17	18	1040	"^ But the meanest of the populace were affected with shame and indignation when they beheld <b>their</b> <b>sovereign</b> enter the lists as a gladiator , and glory in a profession which the laws and manners of the Romans had branded with the justest note of infamy . "	
21148	"HDFRE"	"their"	"sovereign"	27	28	1148	"For a few moments they stood in silent suspense , ashamed of their atrocious design , and awed by the venerable aspect and majestic firmness of <b>their</b> <b>sovereign</b> , till at length , the despair of pardon reviving their fury , a barbarian of the country of Tongress levelled the first blow against Pertinax , who was instantly despatched with a multitude of wounds . "	
21183	"HDFRE"	"their"	"sovereign"	3	5	1183	"They placed <b>their</b> new <b>sovereign</b> , whom they served and despised , in the centre of their ranks , surrounded him on every side with their shields , and conducted him in close order of battle through the deserted streets of the city . "	
21285	"HDFRE"	"their"	"sovereign"	48	49	1285	"Before the new emperor entered Rome , he issued his commands to the Pr??torian guards , directing them to wait his arrival on a large plain near the city , without arms , but in the habits of ceremony , in which they were accustomed to attend <b>their</b> <b>sovereign</b> . "	
21626	"HDFRE"	"their"	"sovereign"	34	36	1626	"The artful M??sa saw and cherished their rising partiality , and readily sacrificing her daughter 's reputation to the fortune of her grandson , she insinuated that Bassianus was the natural son of <b>their</b> murdered <b>sovereign</b> . "	
21789	"HDFRE"	"their"	"sovereign"	55	56	1789	"* The provinces , relieved from the oppressive taxes invented by Caracalla and his pretended son , flourished in peace and prosperity , under the administration of magistrates , who were convinced by experience that to deserve the love of the subjects , was their best and only method of obtaining the favor of <b>their</b> <b>sovereign</b> . "	
21946	"HDFRE"	"their"	"sovereign"	8	9	1946	"The country flocked in crowds to behold <b>their</b> <b>sovereign</b> , and a young barbarian of gigantic stature earnestly solicited , in his rude dialect , that he might be allowed to contend for the prize of wrestling . "	
22119	"HDFRE"	"their"	"sovereign"	24	25	2119	"Their increasing numbers surrounded the temple of Jupiter ; with obstinate clamors they asserted their inherent right of consenting to the election of <b>their</b> <b>sovereign</b> ; and demanded , with an apparent moderation , that , besides the two emperors , chosen by the senate , a third should be added of the family of the Gordians , as a just return of gratitude to those princes who had sacrificed their lives for the republic . "	
22741	"HDFRE"	"their"	"sovereign"	20	21	2741	"When the armies came in right of each other , the soldiers of Gallus compared the ignominious conduct of <b>their</b> <b>sovereign</b> with the glory of his rival . "	
23022	"HDFRE"	"their"	"sovereign"	12	14	3022	"They then ratified the election , and acknowledged the merit of <b>their</b> new <b>sovereign</b> . "	
23042	"HDFRE"	"their"	"sovereign"	14	16	3042	"Nor was the zeal of the senate less ardent in the cause of <b>their</b> new <b>sovereign</b> . "	
23382	"HDFRE"	"their"	"sovereign"	8	10	3382	"The deluded conspirators attended the funeral of <b>their</b> injured <b>sovereign</b> , with sincere or well-feigned contrition , and submitted to the unanimous resolution of the military order , which was signified by the following epistle : `` The brave and fortunate armies to the senate and people of Rome. -- The crime of one man , and the error of many , have deprived us of the late emperor Aurelian . "	
23388	"HDFRE"	"their"	"sovereign"	19	21	3388	"Such honors as fear and perhaps esteem could extort , they liberally poured forth on the memory of <b>their</b> deceased <b>sovereign</b> . "	
23682	"HDFRE"	"their"	"sovereign"	14	16	3682	"More than twenty years afterwards , when the courtiers of Diocletian represented to <b>their</b> frugal <b>sovereign</b> the fame and popularity of his munificent predecessor , he acknowledged that the reign of Carinus had indeed been a reign of pleasure . "	
23714	"HDFRE"	"their"	"sovereign"	27	29	3714	"The Imperial pavilion was strictly guarded by his most trusty adherents ; and during many days , Aper delivered to the army the supposed mandates of <b>their</b> invisible <b>sovereign</b> . "	
23919	"HDFRE"	"their"	"sovereign"	29	31	3919	"It was natural , that a people exasperated by so many injuries , should arm with zeal in the cause of their independence , their religion , and <b>their</b> hereditary <b>sovereign</b> . "	
24150	"HDFRE"	"their"	"sovereign"	27	28	4150	"`` How often , '' was he accustomed to say , `` is it the interest of four or five ministers to combine together to deceive <b>their</b> <b>sovereign</b> ! "	
24206	"HDFRE"	"their"	"sovereign"	27	28	4206	"Clemency , temperance , and moderation , distinguished the amiable character of Constantius , and his fortunate subjects had frequently occasion to compare the virtues of <b>their</b> <b>sovereign</b> with the passions of Maximian , and even with the arts of Diocletian . "	
24540	"HDFRE"	"their"	"sovereign"	23	25	4540	"The circus resounded with their indignant clamors , and they tumultuously besieged the gates of the palace , reproaching the pusillanimity of <b>their</b> indolent <b>sovereign</b> , and celebrating the heroic spirit of Constantine . "	
21847	"HDFRE"	"your"	"sovereign"	7	8	1847	"Be silent in the presence of <b>your</b> <b>sovereign</b> and benefactor , who bestows upon you the corn , the clothing , and the money of the provinces . "	
748	"JB"	"our"	"Viceroy"	32	33	3007	"`` And for that reason , '' said the native officer , twirling his mustache , `` your Amir whom you do not obey must come here and take orders from <b>our</b> <b>Viceroy</b> . '' "	
720	"PTB_WSJ"	"its"	"overseers"	18	20	30284		
22639	"HDFRE"	"their"	"judge"	6	7	2639	"The legions of M??sia forced <b>their</b> <b>judge</b> to become their accomplice . "	
24941	"HDFRE"	"their"	"Judge"	86	88	4941	"The revolution of seventeen centuries has instructed us not to press too closely the mysterious language of prophecy and revelation ; but as long as , for wise purposes , this error was permitted to subsist in the church , it was productive of the most salutary effects on the faith and practice of Christians , who lived in the awful expectation of that moment , when the globe itself , and all the various race of mankind , should tremble at the appearance of <b>their</b> divine <b>Judge</b> "	
22331	"HDFRE"	"their"	"monarchs"	11	13	2331	"The temples of the Parthians , and the statues of <b>their</b> deified <b>monarchs</b> , were thrown down with ignominy . "	
22267	"HDFRE"	"their"	"king"	7	8	2267	"* In the last of these <b>their</b> <b>king</b> Artaban was slain , and the spirit of the nation was forever broken . "	
24807	"HDFRE"	"their"	"King"	59	61	4807	"When the law was given in thunder from Mount Sinai , when the tides of the ocean and the course of the planets were suspended for the convenience of the Israelites , and when temporal rewards and punishments were the immediate consequences of their piety or disobedience , they perpetually relapsed into rebellion against the visible majesty of <b>their</b> Divine <b>King</b> , placed the idols of the nations in the sanctuary of Jehovah , and imitated every fantastic ceremony that was practised in the tents of the Arabs , or in the cities of Phoenicia "	
24304	"HDFRE"	"their"	"tyrants"	22	24	4304	"It was the wish , and it soon became the hope , of every citizen , that after expelling from Italy <b>their</b> foreign <b>tyrants</b> , they should elect a prince who , by the place of his residence , and by his maxims of government , might once more deserve the title of Roman emperor . "	
752	"JB"	"his"	"brigadier"	48	49	3004	"Mule , horse , elephant , or bullock , he obeys his driver , and the driver his sergeant , and the sergeant his lieutenant , and the lieutenant his captain , and the captain his major , and the major his colonel , and the colonel <b>his</b> <b>brigadier</b> commanding three regiments , and the brigadier the general , who obeys the Viceroy , who is the servant of the Empress . "	
							
21280	"HDFRE"	"their"	"prince"	18	20	1280	"His emissaries , dispersed in the capital , assured the guards , that provided they would abandon <b>their</b> worthless <b>prince</b> , and the perpetrators of the murder of Pertinax , to the justice of the conqueror , he would no longer consider that melancholy event as the act of the whole body . "	
21973	"HDFRE"	"their"	"prince"	23	24	1973	"It was time , they cried , to cast away that useless phantom of the civil power , and to elect for <b>their</b> <b>prince</b> and general a real soldier , educated in camps , exercised in war , who would assert the glory , and distribute among his companions the treasures , of the empire . "	
21981	"HDFRE"	"their"	"prince"	70	74	1981	"The writers , who suppose that he died in ignorance of the ingratitude and ambition of Maximin , affirm , that , after taking a frugal repast in the sight of the army , he retired to sleep , and that , about the seventh hour of the day , a part of his own guards broke into the imperial tent , and , with many wounds , assassinated <b>their</b> virtuous and unsuspecting <b>prince</b> . "	
22464	"HDFRE"	"their"	"princes"	71	72	2464	"The various transactions of peace and war had introduced some Roman coins ( chiefly silver ) among the borderers of the Rhine and Danube ; but the more distant tribes were absolutely unacquainted with the use of money , carried on their confined traffic by the exchange of commodities , and prized their rude earthen vessels as of equal value with the silver vases , the presents of Rome to <b>their</b> <b>princes</b> and ambassadors . "	
24449	"HDFRE"	"their"	"princes"	13	14	4449	"After a signal victory over the Franks and Alemanni , several of <b>their</b> <b>princes</b> were exposed by his order to the wild beasts in the amphitheatre of Treves , and the people seem to have enjoyed the spectacle , without discovering , in such a treatment of royal captives , any thing that was repugnant to the laws of nations or of humanity . "	
							
21071	"HDFRE"	"his"	"pr??fect"	15	17	1071	"Marcia , his favorite concubine , Eclectus , his chamberlain , and L??tus , <b>his</b> Pr??torian <b>pr??fect</b> , alarmed by the fate of their companions and predecessors , resolved to prevent the destruction which every hour hung over their heads , either from the mad caprice of the tyrant , * or the sudden indignation of the people . "	
22883	"HDFRE"	"his"	"pr??fect"	9	11	2883	"He reposed an implicit confidence in Macrianus , <b>his</b> Pr??torian <b>pr??fect</b> . "	
23611	"HDFRE"	"his"	"pr??fect"	22	24	3611	"When the legions had indulged their grief and repentance for the death of Probus , their unanimous consent declared Carus , <b>his</b> Pr??torian <b>pr??fect</b> , the most deserving of the Imperial throne . "	
21090	"HDFRE"	"their"	"pr??fect"	35	36	1090	"The guards were rather surprised than pleased with the suspicious death of a prince , whose indulgence and liberality they alone had experienced ; but the emergency of the occasion , the authority of <b>their</b> <b>pr??fect</b> , the reputation of Pertinax , and the clamors of the people , obliged them to stifle their secret discontents , to accept the donative promised by the new emperor , to swear allegiance to him , and with joyful acclamations and laurels in their hands to conduct him to the senate house , that the military consent might be ratified by the civil authority "	
21132	"HDFRE"	"their"	"pr??fect"	9	10	1132	"Their discontents were secretly fomented by L??tus , <b>their</b> <b>pr??fect</b> , who found , when it was too late , that his new emperor would reward a servant , but would not be ruled by a favorite . "	
21812	"HDFRE"	"Their"	"pr??fect"	1	2	1812	"<b>Their</b> <b>pr??fect</b> , the wise Ulpian , was the friend of the laws and of the people ; he was considered as the enemy of the soldiers , and to his pernicious counsels every scheme of reformation was imputed . "	
21579	"HDFRE"	"their"	"pr??fects"	12	13	1579	"The decisive weight of the Pr??torian guards elevated the hopes of <b>their</b> <b>pr??fects</b> , and these powerful ministers began to assert their legal claim to fill the vacancy of the Imperial throne . "	
21723	"HDFRE"	"their"	"pr??fects"	42	43	1723	"The tears and promises of the trembling Elagabalus , who only begged them to spare his life , and to leave him in the possession of his beloved Hierocles , diverted their just indignation ; and they contented themselves with empowering <b>their</b> <b>pr??fects</b> to watch over the safety of Alexander , and the conduct of the emperor . "	

